City_ID,City,Country,Date,Lat,Lng,Max Temp,Humidity,Cloudiness,Wind Speed
0,Awbari,LY,2023-01-05 01:04:27,26.5921,12.7805,49.6,59,0,6.33
1,Khatanga,RU,2023-01-05 01:04:28,71.9667,102.5,-43.65,100,94,2.75
2,Samarai,PG,2023-01-05 01:04:28,-10.6167,150.6667,83.61,73,100,7.16
3,Kavieng,PG,2023-01-05 01:04:29,-2.5744,150.7967,84.06,66,61,2.57
4,Vaini,TO,2023-01-05 01:04:30,-21.2,-175.2,84.36,79,75,14.97
5,Narsaq,GL,2023-01-05 01:03:17,60.9167,-46.05,34.02,69,100,15.05
6,Hermanus,ZA,2023-01-05 01:04:31,-34.4187,19.2345,56.8,65,100,13.13
7,Richards Bay,ZA,2023-01-05 01:04:31,-28.783,32.0377,72.72,93,99,14.09
8,Grindavik,IS,2023-01-05 01:04:32,63.8424,-22.4338,25.27,74,0,8.05
9,Bluff,NZ,2023-01-05 01:04:33,-46.6,168.3333,59.25,94,100,5.17
10,Tafresh,IR,2023-01-05 01:04:34,34.692,50.013,30.72,67,45,1.32
11,Mehtar Lam,AF,2023-01-05 01:04:34,34.6714,70.2094,46.04,31,0,3.96
12,Kidal,ML,2023-01-05 01:04:35,18.4411,1.4078,61.34,24,9,10.51
13,Georgetown,MY,2023-01-05 01:01:00,5.4112,100.3354,80.53,74,20,5.75
14,Aktash,RU,2023-01-05 01:04:36,50.3,87.7333,-3.68,85,100,7.23
15,Albany,US,2023-01-05 01:02:48,42.6001,-73.9662,40.64,93,100,2.57
16,Avarua,CK,2023-01-05 01:04:37,-21.2078,-159.775,82.45,57,40,6.91
17,Bengkulu,ID,2023-01-05 01:04:38,-3.8004,102.2655,76.96,82,100,4.23
18,Kushima,JP,2023-01-05 01:04:38,31.4583,131.2333,49.21,48,0,5.17
19,Saravan,AM,2023-01-05 01:04:39,39.7196,45.6483,25.36,42,100,5.14
20,Jamestown,US,2023-01-05 01:04:40,42.097,-79.2353,57.02,70,100,7.0
21,Thompson,CA,2023-01-05 01:04:40,55.7435,-97.8558,14.72,96,100,5.7
22,Salalah,OM,2023-01-05 01:04:41,17.0151,54.0924,71.69,83,40,3.44
23,Ust-Nera,RU,2023-01-05 01:04:43,64.5667,143.2,-31.05,99,99,4.32
24,Katsuura,JP,2023-01-05 01:04:43,35.1333,140.3,45.05,40,6,12.28
25,Lalibela,ET,2023-01-05 01:04:44,12.0333,39.0333,55.67,34,8,3.58
26,Komsomolskiy,UZ,2023-01-05 01:04:45,40.4272,71.7189,30.92,93,5,4.61
27,Bundaberg,AU,2023-01-05 01:04:46,-24.85,152.35,77.22,94,100,1.99
28,Upernavik,GL,2023-01-05 01:04:46,72.7868,-56.1549,-20.69,84,28,10.38
29,Dzhebariki-Khaya,RU,2023-01-05 01:04:47,62.2167,135.8,-21.91,98,100,1.03
30,Tual,ID,2023-01-05 01:04:47,-5.6667,132.75,83.28,77,98,16.96
31,Harper,LR,2023-01-05 01:04:48,4.375,-7.7169,77.86,78,95,6.33
32,Hilo,US,2023-01-05 01:04:49,19.7297,-155.09,78.53,83,100,8.05
33,Jishou,CN,2023-01-05 01:04:50,28.3167,109.7167,47.08,80,100,1.32
34,Martapura,ID,2023-01-05 01:04:51,-3.4167,114.85,78.89,89,20,4.61
35,Rikitea,PF,2023-01-05 01:04:51,-23.1203,-134.9692,78.93,74,100,15.68
36,Mandera,KE,2023-01-05 01:04:52,3.9366,41.867,77.07,38,73,8.48
37,Yerbogachen,RU,2023-01-05 01:04:53,61.2767,108.0108,-26.45,99,100,2.33
38,Neiafu,TO,2023-01-05 01:01:24,-18.65,-173.9833,80.76,76,100,15.28
39,Nikolskoye,RU,2023-01-05 01:04:53,59.7035,30.7861,12.79,98,77,1.9
40,Atambua,ID,2023-01-05 01:04:54,-9.1061,124.8925,79.32,74,67,6.98
41,Dodola,ET,2023-01-05 01:04:55,6.9833,39.1833,45.75,54,0,4.47
42,Acapulco,MX,2023-01-05 01:03:30,16.8634,-99.8901,80.42,74,40,4.61
43,College,US,2023-01-05 01:04:55,64.8569,-147.8028,0.07,82,75,0.0
44,Ushuaia,AR,2023-01-05 01:04:56,-54.8,-68.3,44.26,65,0,3.44
45,Cidreira,BR,2023-01-05 01:03:59,-30.1811,-50.2056,70.57,83,0,10.54
46,Gobabis,NA,2023-01-05 01:05:27,-22.45,18.9667,68.22,72,100,4.81
47,Torbay,CA,2023-01-05 01:05:28,47.6666,-52.7314,39.58,92,100,5.01
48,Tiarei,PF,2023-01-05 01:05:29,-17.5333,-149.3333,82.42,80,100,13.06
49,Burhaniye,TR,2023-01-05 01:05:30,39.5004,26.9727,52.34,71,40,17.27
50,Esperance,AU,2023-01-05 01:05:31,-33.8667,121.9,69.51,56,3,15.05
51,Tiksi,RU,2023-01-05 01:05:32,71.6872,128.8694,-30.12,100,98,0.67
52,Pangkalanbuun,ID,2023-01-05 01:04:49,-2.6833,111.6167,81.36,73,100,4.47
53,Egvekinot,RU,2023-01-05 01:05:33,66.3167,-179.1667,-18.13,89,99,10.51
54,Auki,SB,2023-01-05 01:05:33,-8.7676,160.7034,81.73,85,100,9.42
55,Yellowknife,CA,2023-01-05 01:05:34,62.456,-114.3525,-11.96,100,14,3.0
56,Dikson,RU,2023-01-05 01:05:35,73.5069,80.5464,-14.85,99,100,1.61
57,Talnakh,RU,2023-01-05 01:05:35,69.4865,88.3972,-32.8,97,46,0.92
58,Arraial Do Cabo,BR,2023-01-05 01:05:36,-22.9661,-42.0278,74.34,94,99,6.44
59,Sinegorye,RU,2023-01-05 01:05:37,62.0788,150.477,-23.31,99,69,0.87
60,Carutapera,BR,2023-01-05 01:05:38,-1.195,-46.02,77.72,85,98,7.18
61,Duyun,CN,2023-01-05 01:05:38,26.2667,107.5167,44.31,90,100,2.91
62,Lebu,CL,2023-01-05 01:02:04,-37.6167,-73.65,59.14,90,100,17.2
63,Muroto,JP,2023-01-05 01:05:40,33.2833,134.15,46.76,56,8,11.18
64,Dongsheng,CN,2023-01-05 01:05:40,39.8161,109.9776,18.45,39,0,8.1
65,Ribeira Grande,PT,2023-01-05 01:05:41,38.5167,-28.7,56.77,85,25,3.0
66,New Norfolk,AU,2023-01-05 01:05:42,-42.7826,147.0587,62.91,51,55,1.99
67,Rudbar,AF,2023-01-05 01:05:43,30.15,62.6,47.39,24,100,8.12
68,Bredasdorp,ZA,2023-01-05 01:05:43,-34.5322,20.0403,60.26,61,100,10.85
69,Irtyshskiy,RU,2023-01-05 01:05:44,58.3333,68.1333,-7.19,99,100,4.32
70,Gerash,IR,2023-01-05 01:05:45,27.6652,54.1371,56.37,30,100,1.97
71,Bethel,US,2023-01-05 01:05:19,41.3712,-73.414,56.16,87,100,6.91
72,Chuy,UY,2023-01-05 01:05:46,-33.6971,-53.4616,64.47,64,4,8.79
73,Mataura,NZ,2023-01-05 01:05:46,-46.1927,168.8643,66.0,80,100,1.97
74,Tarakan,ID,2023-01-05 01:05:47,3.3,117.6333,81.9,89,40,3.44
75,Kawalu,ID,2023-01-05 01:05:48,-7.3817,108.2082,77.14,80,100,0.6
76,Betare Oya,CM,2023-01-05 01:05:49,5.6,14.0833,68.72,39,13,5.17
77,Busselton,AU,2023-01-05 01:05:49,-33.65,115.3333,78.98,41,0,13.47
78,Naze,JP,2023-01-05 01:05:50,28.3667,129.4833,57.33,59,2,13.2
79,Kyra,RU,2023-01-05 01:05:51,49.5776,111.9753,-15.2,90,6,3.49
80,Puerto Ayora,EC,2023-01-05 01:01:33,-0.7393,-90.3518,73.54,94,59,1.99
81,Kununurra,AU,2023-01-05 01:05:52,-15.7667,128.7333,84.18,74,100,10.36
82,Luwuk,ID,2023-01-05 01:05:52,-0.9516,122.7875,84.24,70,100,1.45
83,Punta Arenas,CL,2023-01-05 01:05:53,-53.15,-70.9167,46.51,87,100,8.05
84,Nuuk,GL,2023-01-05 01:05:54,64.1835,-51.7216,17.06,82,100,9.86
85,Pacific Grove,US,2023-01-05 01:05:54,36.6177,-121.9166,62.35,79,100,37.0
86,Mount Isa,AU,2023-01-05 01:05:55,-20.7333,139.5,78.57,73,99,12.66
87,Cherskiy,RU,2023-01-05 01:05:56,68.75,161.3,-51.72,100,70,2.95
88,Braco Do Norte,BR,2023-01-05 01:05:44,-28.275,-49.1656,61.65,92,26,2.19
89,Carnarvon,AU,2023-01-05 01:05:57,-24.8667,113.6333,80.74,72,3,10.04
90,East London,ZA,2023-01-05 01:05:57,-33.0153,27.9116,66.63,92,100,7.83
91,Hay River,CA,2023-01-05 01:05:58,60.8156,-115.7999,-7.24,100,43,3.51
92,Dunedin,NZ,2023-01-05 01:05:59,-45.8742,170.5036,59.81,95,100,5.14
93,Mamallapuram,IN,2023-01-05 01:06:29,12.6264,80.1722,77.05,72,13,12.26
94,Mercedes,AR,2023-01-05 01:06:30,-34.6515,-59.4307,72.64,44,0,9.73
95,Dickinson,US,2023-01-05 01:06:31,29.4608,-95.0513,66.11,54,0,0.0
96,Oistins,BB,2023-01-05 01:06:32,13.0667,-59.5333,77.09,83,40,20.71
97,Camacha,PT,2023-01-05 01:06:32,33.0833,-16.3333,56.62,72,20,4.61
98,Mar Del Plata,AR,2023-01-05 01:04:19,-38.0023,-57.5575,68.29,58,0,11.05
99,Klaksvik,FO,2023-01-05 01:06:33,62.2266,-6.589,34.72,77,22,1.54
100,Castro,BR,2023-01-05 01:01:50,-24.7911,-50.0119,55.27,96,100,6.38
101,Ostrovnoy,RU,2023-01-05 01:06:34,68.0531,39.5131,23.72,73,100,24.47
102,Burley,US,2023-01-05 01:06:36,42.5357,-113.7928,33.3,74,100,6.98
103,Gogrial,SS,2023-01-05 01:06:37,8.5332,28.1004,73.81,29,2,7.63
104,Ankazoabo,MG,2023-01-05 01:06:37,-22.2833,44.5167,67.73,92,100,1.81
105,Batticaloa,LK,2023-01-05 01:06:38,7.7102,81.6924,76.51,83,80,7.34
106,Baturaja,ID,2023-01-05 01:06:39,-4.1333,104.1667,76.91,84,98,1.79
107,Ponta Do Sol,PT,2023-01-05 01:06:40,32.6667,-17.1,62.71,78,3,3.98
108,Port Alfred,ZA,2023-01-05 01:06:40,-33.5906,26.891,64.18,91,100,1.99
109,Caramay,PH,2023-01-05 01:06:41,10.1815,119.236,78.39,87,99,5.95
110,Nalut,LY,2023-01-05 01:06:42,30.3333,10.85,47.8,55,5,9.37
111,Isla Mujeres,MX,2023-01-05 01:06:42,21.2311,-86.731,78.85,81,10,8.23
112,Zhigansk,RU,2023-01-05 01:06:43,66.7697,123.3711,-18.62,97,100,7.11
113,Cadiz,ES,2023-01-05 01:06:43,36.5,-5.75,50.76,92,0,4.38
114,Saskylakh,RU,2023-01-05 01:06:44,71.9167,114.0833,-49.38,100,93,1.1
115,Zabolotovka,RU,2023-01-05 01:06:45,50.2737,39.3147,32.47,73,100,9.51
116,Laguna,US,2023-01-05 01:02:54,38.421,-121.4238,64.18,67,20,33.38
117,Plettenberg Bay,ZA,2023-01-05 01:06:46,-34.0527,23.3716,60.8,87,100,6.87
118,Buala,SB,2023-01-05 01:06:46,-8.145,159.5921,82.02,84,100,11.16
119,Kahului,US,2023-01-05 01:06:47,20.8947,-156.47,78.96,88,40,16.11
120,Curvelo,BR,2023-01-05 01:06:48,-18.7564,-44.4308,71.11,86,100,3.06
121,Ejura,GH,2023-01-05 01:06:48,7.3856,-1.3562,75.76,26,30,2.75
122,Praia,CV,2023-01-05 01:06:49,14.9215,-23.5087,73.94,78,100,18.41
123,San Isidro,PE,2023-01-05 01:06:50,-12.1167,-77.05,76.01,68,0,6.91
124,Farmington,US,2023-01-05 01:06:51,36.7281,-108.2187,32.77,86,0,4.61
125,Coquimbo,CL,2023-01-05 01:06:51,-29.9533,-71.3436,62.33,88,75,5.75
126,Barrow,US,2023-01-05 01:06:52,71.2906,-156.7887,3.22,92,100,17.27
127,Bauchi,NG,2023-01-05 01:06:52,10.5,10.0,60.33,46,76,3.89
128,Flin Flon,CA,2023-01-05 01:06:53,54.7682,-101.865,14.14,96,87,5.37
129,Fairbanks,US,2023-01-05 01:05:32,64.8378,-147.7164,0.09,82,0,0.0
130,Margate,GB,2023-01-05 01:06:54,51.3813,1.3862,51.12,86,100,5.01
131,Gamba,GA,2023-01-05 01:06:55,-2.65,10.0,74.14,94,100,4.18
132,Quatre Cocos,MU,2023-01-05 01:06:55,-20.2078,57.7625,76.08,78,43,11.63
133,Deep River,CA,2023-01-05 01:02:24,46.1001,-77.4995,31.95,90,100,9.8
134,Wajid,SO,2023-01-05 01:06:56,3.8093,43.2471,71.42,74,99,12.64
135,Zyryanka,RU,2023-01-05 01:06:57,65.75,150.85,-48.73,100,74,2.24
136,Barao De Melgaco,BR,2023-01-05 01:04:06,-16.1944,-55.9675,72.25,97,100,1.3
137,Faanui,PF,2023-01-05 01:06:58,-16.4833,-151.75,81.5,73,100,14.85
138,Saint-Joseph,RE,2023-01-05 01:06:58,-21.3667,55.6167,78.48,79,33,9.8
139,Vestmannaeyjar,IS,2023-01-05 01:07:29,63.4427,-20.2734,27.81,77,96,15.12
140,Gat,IL,2023-01-05 01:07:30,31.61,34.7642,56.39,78,18,4.09
141,Kapaa,US,2023-01-05 01:07:30,22.0752,-159.319,78.78,92,100,8.05
142,Kaitangata,NZ,2023-01-05 01:07:31,-46.2817,169.8464,66.42,72,100,4.79
143,Belyy Yar,RU,2023-01-05 01:07:32,53.6039,91.3903,-2.31,84,100,2.24
144,Kruisfontein,ZA,2023-01-05 01:07:33,-34.0033,24.7314,59.88,89,100,9.1
145,Wukari,NG,2023-01-05 01:07:33,7.85,9.7833,72.5,32,96,5.64
146,Mattru,SL,2023-01-05 01:07:34,7.6244,-11.8332,70.11,92,0,2.3
147,Cabo San Lucas,MX,2023-01-05 01:02:52,22.8909,-109.9124,73.51,68,0,3.0
148,Mackay,AU,2023-01-05 01:07:35,-21.15,149.2,93.69,65,25,10.16
149,Severo-Kurilsk,RU,2023-01-05 01:07:36,50.6789,156.125,23.52,66,81,7.65
150,Dwarka,IN,2023-01-05 01:07:36,22.2394,68.9678,64.2,45,2,20.36
151,Hobart,AU,2023-01-05 01:07:37,-42.8794,147.3294,63.27,85,75,12.66
152,Kailua,US,2023-01-05 01:07:38,21.4022,-157.7394,76.98,88,100,8.05
153,Flinders,AU,2023-01-05 01:07:38,-34.5833,150.8552,71.19,72,86,10.0
154,Hami,CN,2023-01-05 01:07:39,42.8,93.45,18.0,59,15,8.08
155,Pringsewu,ID,2023-01-05 01:07:40,-5.3582,104.9744,77.49,83,100,1.05
156,Tottori,JP,2023-01-05 01:05:29,35.5,134.2333,39.02,95,100,6.33
157,Sao Domingos,BR,2023-01-05 01:07:40,-13.3983,-46.3183,70.16,92,100,1.88
158,Port Elizabeth,ZA,2023-01-05 01:07:41,-33.918,25.5701,63.32,95,100,4.0
159,Clyde River,CA,2023-01-05 01:07:42,70.4692,-68.5914,-17.48,98,100,1.1
160,Petropavlovsk-Kamchatskiy,RU,2023-01-05 01:07:43,53.0452,158.6483,12.79,73,0,4.47
161,Qaanaaq,GL,2023-01-05 01:06:33,77.484,-69.3632,-18.69,85,100,5.73
162,Tuktoyaktuk,CA,2023-01-05 01:03:24,69.4541,-133.0374,0.66,97,98,7.07
163,Poum,NC,2023-01-05 01:07:44,-20.2333,164.0167,78.96,71,20,3.0
164,Berlevag,NO,2023-01-05 01:03:15,70.8578,29.0864,26.55,80,100,4.61
165,Oriximina,BR,2023-01-05 01:07:45,-1.7656,-55.8661,73.71,94,99,3.33
166,Whitehorse,CA,2023-01-05 01:07:46,60.7161,-135.0538,16.81,79,99,15.01
167,Bandarbeyla,SO,2023-01-05 01:07:47,9.4942,50.8122,74.68,77,100,14.47
168,Viedma,AR,2023-01-05 01:06:45,-40.8135,-62.9967,73.83,36,100,8.25
169,Viransehir,TR,2023-01-05 01:07:48,37.2353,39.7631,41.7,30,2,3.91
170,Khandbari,NP,2023-01-05 01:07:49,27.3747,87.2039,46.78,52,0,3.89
171,Zverinogolovskoye,RU,2023-01-05 01:07:49,54.4586,64.8542,-0.08,100,99,3.38
172,Taltal,CL,2023-01-05 01:07:50,-25.4,-70.4833,66.2,81,0,2.15
173,Pisco,PE,2023-01-05 01:05:50,-13.7,-76.2167,69.85,88,0,3.44
174,Loandjili,CG,2023-01-05 01:07:52,-4.7561,11.8578,77.47,86,89,5.7
175,Kandrian,PG,2023-01-05 01:07:53,-6.2167,149.55,85.84,69,100,11.56
176,Russell,US,2023-01-05 01:07:53,32.3502,-85.1999,60.4,87,0,0.0
177,Atuona,PF,2023-01-05 01:07:54,-9.8,-139.0333,78.98,71,0,20.02
178,Shelburne,CA,2023-01-05 01:07:55,44.0787,-80.2041,34.12,100,100,9.73
179,Bahia De Caraquez,EC,2023-01-05 01:07:55,-0.6,-80.4167,77.18,83,23,5.59
180,Hithadhoo,MV,2023-01-05 01:07:42,-0.6,73.0833,81.23,63,25,10.38
181,Eresos,GR,2023-01-05 01:07:56,39.1667,25.9333,48.88,77,12,11.01
182,Leningradskiy,RU,2023-01-05 01:07:57,69.3833,178.4167,-17.54,96,100,10.09
183,Butaritari,KI,2023-01-05 01:07:57,3.0707,172.7902,81.14,72,100,16.37
184,Saint George,US,2023-01-05 01:08:28,37.1041,-113.5841,45.43,82,0,3.44
185,Aksarka,RU,2023-01-05 01:08:28,66.5606,67.7975,-4.25,97,100,19.73
186,Vila Franca Do Campo,PT,2023-01-05 01:08:29,37.7167,-25.4333,61.21,94,100,13.78
187,Hetauda,NP,2023-01-05 01:08:30,27.4284,85.0322,49.35,76,0,4.14
188,Hambantota,LK,2023-01-05 01:08:31,6.1241,81.1185,73.74,94,20,5.75
189,Veraval,IN,2023-01-05 01:08:31,20.9,70.3667,61.77,39,0,17.0
190,Provideniya,RU,2023-01-05 01:08:32,64.3833,-173.3,1.8,94,100,7.43
191,Rybinsk,RU,2023-01-05 01:08:33,58.0446,38.8426,7.81,97,96,6.17
192,Nouadhibou,MR,2023-01-05 01:08:34,20.931,-17.0347,68.72,48,78,14.14
193,Airai,TL,2023-01-05 01:08:34,-8.9266,125.4092,70.52,64,93,4.63
194,Tessalit,ML,2023-01-05 01:08:35,20.1986,1.0114,61.11,25,98,10.67
195,Kijang,KR,2023-01-05 01:08:36,35.2442,129.2139,39.72,45,8,6.58
196,Salme,NP,2023-01-05 01:08:36,28.0369,85.0942,34.09,25,0,7.18
197,Linxia,CN,2023-01-05 01:08:37,35.6003,103.2064,28.58,45,100,0.81
198,Siuna,NI,2023-01-05 01:08:38,13.7332,-84.7773,69.8,94,0,3.62
199,Kudahuvadhoo,MV,2023-01-05 01:08:38,2.6708,72.8944,82.04,61,40,12.55
200,Masuguru,TZ,2023-01-05 01:08:39,-11.3667,38.4167,72.36,89,93,3.51
201,Bambous Virieux,MU,2023-01-05 01:08:40,-20.3428,57.7575,76.21,78,52,12.19
202,Brewster,US,2023-01-05 01:08:40,41.3973,-73.6171,56.53,94,100,6.91
203,Prince Rupert,CA,2023-01-05 01:08:41,54.3161,-130.3201,36.82,83,100,6.55
204,Victoria,HK,2023-01-05 01:05:53,22.2855,114.1577,67.19,81,100,4.0
205,Port Blair,IN,2023-01-05 01:08:42,11.6667,92.75,79.38,78,17,10.6
206,Benoy,TD,2023-01-05 01:08:43,8.9833,16.3199,73.02,36,95,5.99
207,Santarem,BR,2023-01-05 01:05:57,-2.4431,-54.7083,78.93,94,40,2.3
208,Luderitz,NA,2023-01-05 01:08:44,-26.6481,15.1594,62.8,80,0,20.4
209,Toora-Khem,RU,2023-01-05 01:08:44,52.4675,96.11,-9.74,100,100,0.94
210,Los Lunas,US,2023-01-05 01:08:45,34.8062,-106.7334,40.46,52,6,1.01
211,Ucluelet,CA,2023-01-05 01:08:45,48.9329,-125.5528,45.7,70,100,16.67
212,Waipawa,NZ,2023-01-05 01:08:46,-41.4122,175.5153,66.38,76,89,7.34
213,Sterling,US,2023-01-05 01:07:49,39.0062,-77.4286,63.1,87,100,11.5
214,Marang,MY,2023-01-05 01:08:47,5.2056,103.2059,77.0,85,97,8.34
215,Valparaiso,CL,2023-01-05 01:08:47,-33.0393,-71.6273,62.24,82,20,5.75
216,George,ZA,2023-01-05 01:08:48,-33.963,22.4617,58.55,94,100,6.91
217,Palmer,US,2023-01-05 01:08:49,42.1584,-72.3287,48.85,88,100,4.61
218,Ostend,BE,2023-01-05 01:08:50,51.2234,2.9119,52.14,81,100,24.16
219,Iqaluit,CA,2023-01-05 01:08:51,63.7506,-68.5145,-13.27,75,100,34.52
220,Cape Town,ZA,2023-01-05 01:05:00,-33.9258,18.4232,62.11,73,81,13.0
221,Baie-Comeau,CA,2023-01-05 01:08:52,49.2168,-68.1489,9.97,67,68,11.61
222,Yatou,CN,2023-01-05 01:05:13,37.15,122.3833,33.3,75,4,1.63
223,Munster,DE,2023-01-05 01:05:05,51.9624,7.6257,53.22,87,100,1.99
224,Dinard,FR,2023-01-05 01:08:53,48.6314,-2.0614,55.78,92,100,9.22
225,Aswan,EG,2023-01-05 01:08:53,24.0934,32.907,55.4,67,0,7.72
226,Padang,ID,2023-01-05 01:08:54,-0.9492,100.3543,77.05,82,100,1.57
227,Carupano,VE,2023-01-05 01:08:55,10.6678,-63.2585,74.16,89,99,8.66
228,Yulara,AU,2023-01-05 01:09:25,-25.2406,130.9889,81.5,31,7,17.2
229,Axim,GH,2023-01-05 01:09:26,4.8699,-2.2405,78.12,79,100,4.36
230,Wadi Musa,JO,2023-01-05 01:09:26,30.3222,35.4793,42.71,93,59,7.11
231,Anadyr,RU,2023-01-05 01:09:27,64.75,177.4833,-8.9,84,100,8.95
232,Nyzhnya Duvanka,UA,2023-01-05 01:09:28,49.5846,38.1743,30.13,86,59,6.62
233,Coruripe,BR,2023-01-05 01:09:29,-10.1256,-36.1756,77.13,83,41,10.85
234,Jurm,AF,2023-01-05 01:09:29,36.8648,70.8342,28.0,39,0,8.16
235,San Patricio,US,2023-01-05 01:09:30,28.017,-97.5169,68.09,36,7,2.48
236,Fort Nelson,CA,2023-01-05 01:09:31,58.8053,-122.7002,4.95,92,37,0.34
237,Scarborough,GB,2023-01-05 01:04:32,54.2797,-0.4044,49.57,85,17,3.0
238,Silver City,US,2023-01-05 01:09:32,32.7701,-108.2803,40.66,78,0,6.91
239,Helong,CN,2023-01-05 01:09:32,42.5397,128.9972,16.95,56,0,5.32
240,Mount Gambier,AU,2023-01-05 01:09:33,-37.8333,140.7667,68.05,48,3,10.54
241,Itaqui,BR,2023-01-05 01:09:34,-29.1253,-56.5531,75.31,27,0,9.89
242,Leeds,GB,2023-01-05 01:06:21,53.7964,-1.5477,51.3,82,100,1.01
243,Ambon,ID,2023-01-05 01:09:35,-3.6954,128.1814,84.31,71,100,9.42
244,Walvis Bay,NA,2023-01-05 01:09:36,-22.9575,14.5053,64.09,87,32,12.82
245,Podgornoye,RU,2023-01-05 01:09:36,51.735,39.1496,32.22,69,100,13.42
246,Hasaki,JP,2023-01-05 01:09:37,35.7333,140.8333,43.2,37,0,16.87
247,Gravdal,NO,2023-01-05 01:09:38,68.1214,13.5031,27.39,63,0,11.7
248,Alofi,NU,2023-01-05 01:09:38,-19.0595,-169.9187,78.8,67,100,13.78
249,Te Anau,NZ,2023-01-05 01:09:39,-45.4167,167.7167,61.68,85,100,2.15
250,Bontang,ID,2023-01-05 01:09:39,0.1333,117.5,79.32,80,100,2.95
251,Chokurdakh,RU,2023-01-05 01:09:40,70.6333,147.9167,-48.48,100,65,0.92
252,Ancud,CL,2023-01-05 01:09:41,-41.8697,-73.8203,56.88,91,2,3.44
253,Marawi,PH,2023-01-05 01:09:41,7.9986,124.2928,75.07,80,96,1.1
254,Oranjemund,NA,2023-01-05 01:09:42,-28.55,16.4333,60.85,88,12,15.21
255,Alice Springs,AU,2023-01-05 01:09:42,-23.7,133.8833,72.95,68,100,12.66
256,Darhan,MN,2023-01-05 01:09:43,49.4867,105.9228,-14.19,98,100,2.77
257,Alto Araguaia,BR,2023-01-05 01:09:43,-17.3147,-53.2153,68.74,97,100,7.07
258,Pevek,RU,2023-01-05 01:09:44,69.7008,170.3133,-30.1,95,100,5.53
259,Saldanha,ZA,2023-01-05 01:09:45,-33.0117,17.9442,61.11,73,0,28.48
260,Buin,CL,2023-01-05 01:09:45,-33.7333,-70.75,80.42,57,43,3.94
261,Quelimane,MZ,2023-01-05 01:09:46,-17.8786,36.8883,73.33,93,5,4.27
262,Hede,CN,2023-01-05 01:09:46,33.7681,120.2517,42.15,53,6,3.71
263,Balabac,PH,2023-01-05 01:09:47,7.9868,117.0645,79.27,85,100,11.43
264,Vardo,NO,2023-01-05 01:09:47,70.3705,31.1107,30.18,74,100,6.91
265,Ahipara,NZ,2023-01-05 01:09:48,-35.1667,173.1667,75.79,73,34,8.39
266,Saint-Philippe,RE,2023-01-05 01:09:49,-21.3585,55.7679,74.79,81,46,10.54
267,Ushtobe,KZ,2023-01-05 01:09:52,45.2514,77.9838,36.5,77,100,11.48
268,Vredendal,ZA,2023-01-05 01:09:52,-31.6683,18.5012,59.23,76,0,14.47
269,Port Lincoln,AU,2023-01-05 01:09:53,-34.7333,135.8667,64.76,57,83,15.57
270,Guilin,CN,2023-01-05 01:09:53,25.2819,110.2864,54.7,60,100,5.3
271,Hofn,IS,2023-01-05 01:09:54,64.2539,-15.2082,33.44,81,92,7.47
272,Rocha,UY,2023-01-05 01:06:31,-34.4833,-54.3333,56.21,74,0,3.44
273,Geraldton,AU,2023-01-05 01:09:55,-28.7667,114.6,95.41,14,3,24.16
274,Hovd,MN,2023-01-05 01:09:56,48.0056,91.6419,3.74,61,89,10.85
275,Vila Velha,BR,2023-01-05 01:09:52,-20.3297,-40.2925,78.75,87,40,11.5
276,Celestun,MX,2023-01-05 01:10:27,20.8667,-90.4,76.28,86,29,11.97
277,Kodiak,US,2023-01-05 01:10:27,57.79,-152.4072,33.31,100,100,3.44
278,Verkhoyansk,RU,2023-01-05 01:10:28,67.5447,133.385,-32.15,92,100,1.34
279,Sakakah,SA,2023-01-05 01:08:30,29.9697,40.2064,42.17,76,0,10.11
280,Meulaboh,ID,2023-01-05 01:10:28,4.1363,96.1285,76.21,87,100,2.59
281,Varia,FR,2023-01-05 01:10:29,44.5725,-0.1104,52.48,81,98,5.06
282,Darmanesti,RO,2023-01-05 01:10:30,46.3667,26.4833,33.98,80,28,7.47
283,Lubango,AO,2023-01-05 01:10:30,-14.9172,13.4925,57.4,89,25,1.77
284,Dingle,PH,2023-01-05 01:10:31,10.9995,122.6711,80.06,84,68,11.74
285,Mahebourg,MU,2023-01-05 01:10:31,-20.4081,57.7,75.25,77,64,12.41
286,Sonkovo,RU,2023-01-05 01:10:32,57.7782,37.1571,4.96,97,100,5.93
287,Lake Havasu City,US,2023-01-05 01:08:37,34.4839,-114.3224,64.22,58,75,5.75
288,Yudong,CN,2023-01-05 01:10:33,29.385,106.5194,51.49,86,100,1.83
289,Le Port,RE,2023-01-05 01:10:34,-20.9373,55.2919,79.9,92,15,2.91
290,Tchaourou,BJ,2023-01-05 01:10:34,8.8865,2.5975,76.24,28,100,4.54
291,Santa Rosa De Aguan,HN,2023-01-05 01:10:35,15.95,-85.7167,78.73,81,0,18.01
292,Vostok,RU,2023-01-05 01:10:35,46.4856,135.8833,-0.94,91,39,4.43
293,Svetlogorsk,BY,2023-01-05 01:10:36,52.6333,29.7333,32.34,98,100,13.65
294,Namatanai,PG,2023-01-05 01:10:36,-3.6667,152.4333,85.93,65,80,7.67
295,Coihaique,CL,2023-01-05 01:10:37,-45.5752,-72.0662,65.01,63,20,3.44
296,Ilulissat,GL,2023-01-05 01:06:20,69.2167,-51.1,-0.38,46,9,3.44
297,Harindanga,IN,2023-01-05 01:10:38,22.0383,88.3214,56.84,67,4,8.32
298,Ormara,PK,2023-01-05 01:10:38,25.2088,64.6357,66.51,39,39,5.35
299,Alyangula,AU,2023-01-05 01:10:39,-13.8483,136.4192,84.69,72,99,19.28
300,Teya,RU,2023-01-05 01:10:40,60.3778,92.6267,-1.82,100,89,3.56
301,Presidencia Roque Saenz Pena,AR,2023-01-05 01:10:41,-26.7852,-60.4388,76.23,34,0,5.39
302,Nikolayevka,RU,2023-01-05 01:10:41,53.1257,47.2041,10.31,97,56,4.54
303,Avera,US,2023-01-05 01:10:42,33.194,-82.5271,62.11,95,0,6.26
304,Bo Phloi,TH,2023-01-05 01:10:42,14.3236,99.5161,72.09,66,100,5.84
305,Soyo,AO,2023-01-05 01:10:43,-6.1349,12.3689,76.86,91,100,8.99
306,Yashkul,RU,2023-01-05 01:10:44,46.1711,45.3435,40.68,52,97,14.92
307,Hobyo,SO,2023-01-05 01:10:44,5.3505,48.5268,75.85,78,86,12.06
308,Sherbakul,RU,2023-01-05 01:10:45,54.6316,72.3963,13.26,97,100,4.54
309,Asheville,US,2023-01-05 01:07:59,35.6009,-82.554,55.74,84,0,1.01
310,Taikang,CN,2023-01-05 01:10:46,46.8333,124.4167,-0.13,76,4,4.83
311,Itoman,JP,2023-01-05 01:10:47,26.1247,127.6694,66.22,53,20,17.27
312,Lompoc,US,2023-01-05 01:10:28,34.6391,-120.4579,59.52,90,100,13.8
313,Pasni,PK,2023-01-05 01:10:48,25.2631,63.471,65.77,34,10,6.13
314,Ulcinj,ME,2023-01-05 01:10:48,41.9294,19.2244,47.98,73,0,4.38
315,Sweetwater,US,2023-01-05 01:10:49,25.7634,-80.3731,77.02,91,0,9.22
316,Rawson,AR,2023-01-05 01:10:49,-43.3002,-65.1023,72.32,36,11,9.08
317,Eidfjord,NO,2023-01-05 01:10:50,60.4675,7.0719,25.93,94,100,5.41
318,Mgandu,TZ,2023-01-05 01:09:19,-5.95,34.1333,59.92,87,78,6.06
319,Nanortalik,GL,2023-01-05 01:10:51,60.1432,-45.2371,23.79,73,100,21.09
320,Dryden,CA,2023-01-05 01:10:51,49.7833,-92.7503,13.26,96,62,5.59
321,Khandyga,RU,2023-01-05 01:10:52,62.6667,135.6,-23.1,98,100,2.13
322,Novikovo,RU,2023-01-05 01:10:53,51.1537,37.8879,31.75,75,100,9.69
323,Tornio,FI,2023-01-05 01:10:53,65.8481,24.1466,10.42,95,23,8.48
324,Plouzane,FR,2023-01-05 01:10:54,48.3833,-4.6167,53.92,100,100,12.66
325,Shingu,JP,2023-01-05 01:11:25,33.7333,135.9833,46.24,47,10,4.74
326,Mayo,US,2023-01-05 01:11:25,38.8876,-76.5119,64.81,95,100,9.22
327,Fukue,JP,2023-01-05 01:11:26,32.6881,128.8419,50.31,61,17,16.08
328,Boshnyakovo,RU,2023-01-05 01:11:27,49.6333,142.1667,9.91,86,100,10.6
329,Asosa,ET,2023-01-05 01:11:28,10.0667,34.5333,63.64,59,0,4.83
330,Shaowu,CN,2023-01-05 01:11:28,27.3409,117.4831,50.95,86,100,1.23
331,Kloulklubed,PW,2023-01-05 01:11:29,7.0419,134.2556,82.9,75,98,17.81
332,Henties Bay,NA,2023-01-05 01:11:23,-22.116,14.2845,62.53,90,34,10.47
333,Wanaka,NZ,2023-01-05 01:07:49,-44.7,169.15,69.12,71,100,5.99
334,Haverfordwest,GB,2023-01-05 01:11:30,51.8017,-4.9691,52.05,92,100,5.99
335,Leshukonskoye,RU,2023-01-05 01:11:30,64.8989,45.7622,1.49,96,100,6.35
336,Nome,US,2023-01-05 01:11:32,64.5011,-165.4064,17.67,100,0,8.05
337,Georgiyevka,KZ,2023-01-05 01:11:32,43.0369,74.7114,32.04,64,0,8.95
338,Madang,PG,2023-01-05 01:11:33,-5.2246,145.7966,86.83,64,93,4.47
339,Broken Hill,AU,2023-01-05 01:10:22,-31.95,141.4333,70.56,29,0,19.33
340,Paamiut,GL,2023-01-05 01:11:34,61.994,-49.6678,30.22,56,100,35.75
341,Zaysan,KZ,2023-01-05 01:11:34,47.4667,84.8667,20.84,87,100,4.05
342,Cayenne,GF,2023-01-05 01:11:35,4.9333,-52.3333,75.24,94,75,1.14
343,Bodmin,GB,2023-01-05 01:11:36,50.4715,-4.7243,53.56,94,75,14.97
344,Birobidzhan,RU,2023-01-05 01:11:37,48.8,132.95,0.5,85,100,1.74
345,Saint-Pierre,RE,2023-01-05 01:11:37,-21.3393,55.4781,79.57,64,25,6.91
346,Talavera,PH,2023-01-05 01:11:38,15.6167,120.9333,78.53,75,75,10.02
347,Clovis,US,2023-01-05 01:06:54,36.8252,-119.7029,64.0,51,75,14.97
348,Cururupu,BR,2023-01-05 01:11:39,-1.8283,-44.8683,76.42,86,32,4.85
349,Takoradi,GH,2023-01-05 01:11:40,4.8845,-1.7554,78.57,79,77,5.93
350,Ingham,US,2023-01-05 01:11:40,42.6,-84.3833,42.75,85,100,8.05
351,Tome,CL,2023-01-05 01:11:41,-36.6167,-72.95,61.41,86,53,3.67
352,Iralaya,HN,2023-01-05 01:11:41,15.0,-83.2333,77.04,85,0,10.07
353,Aklavik,CA,2023-01-05 01:11:42,68.2191,-135.0107,-14.55,100,91,2.42
354,Amahai,ID,2023-01-05 01:11:43,-3.3333,128.9167,87.01,60,60,4.85
355,Asti,IT,2023-01-05 01:11:43,44.8979,8.2068,48.52,100,43,2.1
356,Najran,SA,2023-01-05 01:11:44,17.4924,44.1277,59.61,52,38,6.76
357,Skibbereen,IE,2023-01-05 01:11:45,51.55,-9.2667,51.12,97,100,14.47
358,Fort-Shevchenko,KZ,2023-01-05 01:11:46,44.5086,50.263,41.05,87,100,12.86
359,Lumding,IN,2023-01-05 01:11:46,25.7535,93.1732,51.71,94,2,1.54
360,Erenhot,CN,2023-01-05 01:11:47,43.6475,111.9767,13.8,61,5,8.79
361,Pak Phanang,TH,2023-01-05 01:11:47,8.3511,100.202,79.16,78,96,9.82
362,Kosmach,UA,2023-01-05 01:11:48,48.7509,24.3673,43.05,71,100,23.98
363,Sioux Lookout,CA,2023-01-05 01:11:49,50.1001,-91.917,10.2,96,9,4.54
364,Pangnirtung,CA,2023-01-05 01:11:49,66.1451,-65.7125,3.49,93,100,3.36
365,Tuatapere,NZ,2023-01-05 01:10:46,-46.1333,167.6833,64.42,80,100,3.38
366,Alta Floresta,BR,2023-01-05 01:11:50,-9.8756,-56.0861,71.62,95,100,1.68
367,Malaia,RO,2023-01-05 01:11:51,45.35,24.0333,29.55,67,91,3.89
368,Bayangol,RU,2023-01-05 01:11:52,50.6977,103.4656,-13.41,96,100,2.53
369,Praya,CV,2023-01-05 01:11:52,14.9215,-23.5087,73.94,78,100,18.41
370,Qaqortoq,GL,2023-01-05 01:11:53,60.7167,-46.0333,22.77,62,100,17.98
371,Port Keats,AU,2023-01-05 01:12:25,-14.25,129.55,84.33,78,28,17.65
372,Carauari,BR,2023-01-05 01:12:26,-4.8828,-66.8958,74.1,97,100,2.08
373,Manono,CD,2023-01-05 01:12:26,-7.3,27.4167,67.68,90,54,2.86
374,Dharchula,IN,2023-01-05 01:12:27,29.85,80.5333,42.71,17,0,8.95
375,Kavaratti,IN,2023-01-05 01:10:14,10.5669,72.642,80.37,69,2,7.23
376,Khilok,RU,2023-01-05 01:12:29,51.3674,110.4676,-13.59,98,22,2.59
377,Pokoynoye,RU,2023-01-05 01:12:29,44.8097,44.2517,38.71,80,25,13.09
378,Bafq,IR,2023-01-05 01:12:30,31.6128,55.4107,50.36,49,100,4.99
379,Beloha,MG,2023-01-05 01:12:31,-25.1667,45.05,71.55,88,77,6.06
380,Shar,KZ,2023-01-05 01:12:31,49.5886,81.0453,31.17,93,100,22.21
381,Biak,ID,2023-01-05 01:12:32,-0.9131,122.8766,82.08,68,100,0.83
382,Sao Filipe,CV,2023-01-05 01:12:33,14.8961,-24.4956,74.75,70,100,8.55
383,Calbuco,CL,2023-01-05 01:11:24,-41.768,-73.1273,60.01,89,25,15.59
384,Norman Wells,CA,2023-01-05 01:12:34,65.282,-126.8329,-7.35,97,22,4.21
385,Guerrero Negro,MX,2023-01-05 01:12:35,27.9769,-114.0611,62.96,67,5,10.2
386,Vanimo,PG,2023-01-05 01:12:35,-2.6741,141.3028,85.24,67,35,4.56
387,Haines Junction,CA,2023-01-05 01:12:36,60.7522,-137.5108,14.14,99,99,1.19
388,Saint-Augustin,CA,2023-01-05 01:12:37,51.226,-58.6502,4.26,72,1,16.24
389,Nyurba,RU,2023-01-05 01:12:37,63.2842,118.3319,-32.58,100,95,3.69
390,Cabedelo,BR,2023-01-05 01:12:38,-6.9811,-34.8339,79.47,76,12,9.44
391,Mali,GN,2023-01-05 01:12:38,12.079,-12.2982,58.14,21,3,2.13
392,Sri Aman,MY,2023-01-05 01:12:39,1.2376,111.4621,75.9,91,90,2.86
393,Ahuimanu,US,2023-01-05 01:12:40,21.4447,-157.8378,76.71,85,100,8.05
394,Port Hawkesbury,CA,2023-01-05 01:12:41,45.6169,-61.3485,36.18,94,30,10.0
395,Dundee,GB,2023-01-05 01:10:29,56.5,-2.9667,41.25,94,0,11.5
396,Beaverton,US,2023-01-05 01:10:24,45.4871,-122.8037,45.48,82,100,29.93
397,Coralville,US,2023-01-05 01:08:58,41.6764,-91.5805,32.23,86,100,10.36
398,Rognan,NO,2023-01-05 01:12:43,67.0953,15.3878,28.54,85,52,8.75
399,Mulege,MX,2023-01-05 01:12:43,26.8833,-111.9833,61.07,57,0,4.07
400,Tatarsk,RU,2023-01-05 01:12:44,55.219,75.9828,11.57,96,100,3.67
401,Merritt Island,US,2023-01-05 01:12:45,28.5392,-80.672,77.09,83,0,11.5
402,Westport,US,2023-01-05 01:10:47,41.1415,-73.3579,56.75,89,100,4.0
403,Tanggu,CN,2023-01-05 01:12:45,39.0211,117.6469,19.36,50,0,3.2
404,Rudolstadt,DE,2023-01-05 01:12:46,50.7167,11.3333,54.45,74,100,20.76
405,Charlestown,AU,2023-01-05 01:12:47,-32.95,151.6667,70.74,80,100,11.01
406,Anloga,GH,2023-01-05 01:12:47,5.7947,0.8973,78.8,77,100,7.49
407,Seoul,KR,2023-01-05 01:12:48,37.5683,126.9778,26.04,50,2,1.63
408,Taloqan,AF,2023-01-05 01:12:49,36.7361,69.5345,39.92,35,0,5.68
409,Matara,LK,2023-01-05 01:10:47,5.9485,80.5353,72.09,90,6,4.9
410,Ust-Maya,RU,2023-01-05 01:12:50,60.4167,134.5333,-22.85,100,100,1.43
411,Carballo,ES,2023-01-05 01:12:50,43.213,-8.691,54.86,93,5,3.65
412,Krasnoshchekovo,RU,2023-01-05 01:12:51,51.6708,82.7289,27.28,77,100,28.01
413,North Platte,US,2023-01-05 01:10:21,41.1239,-100.7654,25.12,84,0,8.05
414,Nadym,RU,2023-01-05 01:12:51,65.5333,72.5167,1.27,96,100,16.55
415,Itarema,BR,2023-01-05 01:12:52,-2.9248,-39.9167,79.74,75,77,16.8
416,Vilhena,BR,2023-01-05 01:13:23,-12.7406,-60.1458,68.0,99,100,2.77
417,Souillac,MU,2023-01-05 01:13:23,-20.5167,57.5167,77.45,78,92,11.39
418,Camden,US,2023-01-05 01:13:24,39.7835,-74.9663,62.55,91,100,1.99
419,Lasa,IT,2023-01-05 01:13:25,46.6166,10.7002,43.02,58,100,5.39
420,Stawell,AU,2023-01-05 01:13:26,-37.05,142.7667,70.14,39,0,13.96
421,Felanitx,ES,2023-01-05 01:13:26,39.4696,3.1483,47.14,81,0,2.84
422,Warrnambool,AU,2023-01-05 01:13:27,-38.3833,142.4833,63.63,63,83,13.02
423,Fuyang,CN,2023-01-05 01:13:28,32.9,115.8167,42.96,46,5,2.53
424,Isilkul,RU,2023-01-05 01:13:29,54.9109,71.2728,10.47,96,100,4.74
425,Andahuaylas,PE,2023-01-05 01:13:31,-13.6556,-73.3872,53.71,95,100,5.01
426,Santa Maria,BR,2023-01-05 01:13:31,-29.6842,-53.8069,73.22,32,3,1.28
427,Pangody,RU,2023-01-05 01:13:32,65.85,74.4859,-3.91,97,100,16.42
428,Xichang,CN,2023-01-05 01:13:32,27.8964,102.2634,42.69,77,1,1.9
429,Attock,PK,2023-01-05 01:13:33,33.7695,72.3611,41.11,30,0,3.18
430,Kirakira,SB,2023-01-05 01:13:34,-10.4544,161.9205,82.76,79,100,8.52
431,Bonavista,CA,2023-01-05 01:13:34,48.6499,-53.1147,34.54,92,100,16.24
432,Boyolangu,ID,2023-01-05 01:13:35,-8.1181,111.8935,80.35,73,100,4.74
433,Kapuskasing,CA,2023-01-05 01:08:49,49.4169,-82.4331,0.16,95,90,8.23
434,Tignere,CM,2023-01-05 01:13:36,7.3667,12.65,63.7,36,63,1.16
435,San Cristobal,VE,2023-01-05 01:13:37,7.7669,-72.225,68.18,97,84,1.74
436,Asau,RO,2023-01-05 01:13:37,46.4333,26.4,33.28,81,54,7.54
437,Mound,US,2023-01-05 01:10:51,44.9366,-93.6661,32.67,97,100,8.99
438,Kaifeng,CN,2023-01-05 01:13:38,34.7911,114.3483,37.92,49,53,2.62
439,Lithgow,AU,2023-01-05 01:13:39,-33.4833,150.15,56.17,81,95,9.24
440,Tura,IN,2023-01-05 01:13:40,25.5198,90.2201,53.82,74,0,4.27
441,Lemgo,DE,2023-01-05 01:13:40,52.0333,8.9,51.44,91,100,7.0
442,Weyburn,CA,2023-01-05 01:11:56,49.6668,-103.8511,17.01,98,93,5.14
443,Kapoeta,SS,2023-01-05 01:13:41,4.7717,33.5903,80.56,32,0,16.78
444,Kanbe,MM,2023-01-05 01:13:42,16.7053,96.0017,69.85,61,1,5.44
445,Nongstoin,IN,2023-01-05 01:13:43,25.5167,91.2667,45.91,70,0,5.12
446,Boras,SE,2023-01-05 01:13:43,57.721,12.9401,37.11,97,100,11.32
447,Bijapur,IN,2023-01-05 01:13:44,16.8333,75.7,66.07,68,16,9.71
448,Dasoguz,TM,2023-01-05 01:09:15,41.8363,59.9666,42.6,41,100,9.24
449,Batavia,US,2023-01-05 01:11:34,41.85,-88.3126,34.29,85,100,14.97
450,Portland,US,2023-01-05 01:09:54,45.5234,-122.6762,46.0,82,100,29.93
451,Port-Gentil,GA,2023-01-05 01:13:46,-0.7193,8.7815,78.84,82,99,15.46
452,Katherine,AU,2023-01-05 01:13:46,-14.4667,132.2667,82.72,78,100,10.36
453,Codrington,AU,2023-01-05 01:13:47,-38.2667,141.9667,65.59,57,75,13.38
454,Kalmunai,LK,2023-01-05 01:13:48,7.4167,81.8167,75.56,86,100,6.8
455,Hamilton,US,2023-01-05 01:13:49,39.1834,-84.5333,48.09,72,0,8.05
456,Lakatoro,VU,2023-01-05 01:13:50,-16.0999,167.4164,79.41,89,100,11.59
457,Oron,NG,2023-01-05 01:13:50,4.8256,8.2343,77.52,81,100,1.74
458,Comodoro Rivadavia,AR,2023-01-05 01:13:40,-45.8667,-67.5,60.66,67,0,3.44
459,Launceston,AU,2023-01-05 01:13:51,-41.45,147.1667,71.62,50,14,8.05
460,Satara,IN,2023-01-05 01:13:46,17.6833,73.9833,63.45,67,0,3.33
461,Sinnamary,GF,2023-01-05 01:14:22,5.3833,-52.95,75.85,91,100,11.39
462,Brokopondo,SR,2023-01-05 01:14:23,4.75,-55.1667,74.82,93,100,6.96
463,Jinchang,CN,2023-01-05 01:14:23,38.4953,102.1739,21.47,36,0,10.98
464,Tateyama,JP,2023-01-05 01:14:24,34.9833,139.8667,45.41,47,31,11.32
465,Sao Joao Da Barra,BR,2023-01-05 01:14:25,-21.6403,-41.0511,75.07,95,100,5.39
466,Drayton Valley,CA,2023-01-05 01:14:26,53.2168,-114.9854,12.36,92,5,4.7
467,Delta Del Tigre,UY,2023-01-05 01:14:27,-34.7633,-56.3853,70.9,57,0,9.91
468,Coolum Beach,AU,2023-01-05 01:14:28,-26.5333,153.1,79.11,87,100,7.0
469,Cambe,BR,2023-01-05 01:12:57,-23.2758,-51.2783,66.88,83,100,6.91
470,Pemba,MZ,2023-01-05 01:14:30,-12.974,40.5178,78.62,83,90,7.85
471,Sola,VU,2023-01-05 01:14:31,-13.8833,167.55,81.39,77,97,16.22
472,Maragogi,BR,2023-01-05 01:14:31,-9.0122,-35.2225,76.78,84,41,7.27
473,New Kensington,US,2023-01-05 01:14:32,40.5698,-79.7648,59.29,77,14,5.01
474,Teguise,ES,2023-01-05 01:12:54,29.0605,-13.564,59.22,82,0,9.22
475,Tasiilaq,GL,2023-01-05 01:14:33,65.6145,-37.6368,6.96,64,99,6.24
476,Solvychegodsk,RU,2023-01-05 01:14:33,61.3305,46.9156,-10.86,98,96,4.83
477,Olafsvik,IS,2023-01-05 01:14:34,64.8945,-23.7142,31.73,74,100,6.6
478,San Marco In Lamis,IT,2023-01-05 01:14:34,41.7131,15.6399,47.25,93,87,3.67
479,Swan River,CA,2023-01-05 01:14:35,52.1058,-101.2676,12.52,89,56,5.86
480,Opuwo,NA,2023-01-05 01:14:36,-18.0607,13.84,63.21,45,74,4.61
481,Okitipupa,NG,2023-01-05 01:14:36,6.5047,4.7839,69.62,78,71,1.61
482,Katangli,RU,2023-01-05 01:14:37,51.7102,143.2326,10.87,92,100,14.38
483,La Ronge,CA,2023-01-05 01:14:38,55.1001,-105.2842,9.7,97,95,5.41
484,Morehead,US,2023-01-05 01:14:39,37.2711,-87.1764,45.99,74,0,4.61
485,Rincon,US,2023-01-05 01:14:39,32.296,-81.2354,66.16,95,100,5.75
486,Hassleholm,SE,2023-01-05 01:14:40,56.1591,13.7664,46.18,87,99,12.93
487,Guiratinga,BR,2023-01-05 01:14:40,-16.3494,-53.7583,70.63,98,100,5.46
488,Mincivan,AZ,2023-01-05 01:14:41,39.0294,46.7185,46.49,24,100,2.98
489,Pakokku,MM,2023-01-05 01:14:42,21.3333,95.1,61.56,72,1,5.14
490,Yichun,CN,2023-01-05 01:14:42,47.7,128.9,-4.09,90,84,1.86
491,Tazovskiy,RU,2023-01-05 01:14:43,67.4667,78.7,-27.2,97,74,9.1
492,Longhua,CN,2023-01-05 01:14:43,23.6137,114.1919,60.19,65,100,2.08
493,Luoyang,CN,2023-01-05 01:14:44,34.6836,112.4536,38.59,50,96,2.66
494,Abaza,RU,2023-01-05 01:14:45,52.655,90.0928,8.92,87,100,4.7
495,Terrace,CA,2023-01-05 01:14:45,54.5163,-128.6035,28.98,93,100,4.38
496,Padampur,IN,2023-01-05 01:14:46,29.6833,73.6167,44.22,25,0,2.01
497,Warwick,US,2023-01-05 01:12:04,41.7001,-71.4162,47.28,92,100,11.5
498,Srednekolymsk,RU,2023-01-05 01:14:47,67.45,153.6833,-41.55,100,99,1.79
499,Surman,LY,2023-01-05 01:14:47,32.7567,12.5716,56.46,60,0,4.23
500,Itupiranga,BR,2023-01-05 01:14:48,-5.1347,-49.3267,77.32,96,86,1.12
501,Santa Marta,CO,2023-01-05 01:14:12,11.2408,-74.199,81.9,68,1,21.99
502,Concordia,AR,2023-01-05 01:11:04,-31.393,-58.0209,75.38,27,0,9.53
503,Lata,PT,2023-01-05 01:14:50,40.1629,-8.3327,38.91,79,14,3.51
504,Atar,MR,2023-01-05 01:13:54,20.5169,-13.0499,64.22,16,13,8.57
505,Pemberton,CA,2023-01-05 01:15:15,50.3164,-122.8027,32.29,95,100,2.95
506,Hayden,US,2023-01-05 01:15:21,47.766,-116.7866,32.56,84,0,13.8
507,Trondheim,NO,2023-01-05 01:15:22,63.4305,10.3951,28.49,65,100,7.0
508,Santa Cruz,BO,2023-01-05 01:15:22,-17.8,-63.1667,65.66,88,75,4.61
509,Zhezkazgan,KZ,2023-01-05 01:15:23,47.8043,67.7144,32.94,94,100,16.87
510,Mfou,CM,2023-01-05 01:15:25,3.7159,11.6427,65.86,91,20,2.8
511,Sao Felix Do Xingu,BR,2023-01-05 01:15:26,-6.6447,-51.995,71.89,98,100,1.23
512,Inhambane,MZ,2023-01-05 01:15:29,-23.865,35.3833,78.66,82,38,7.45
513,Sulina,RO,2023-01-05 01:15:30,45.1559,29.6536,40.71,78,51,9.89
514,Sambava,MG,2023-01-05 01:15:32,-14.2667,50.1667,74.3,87,23,7.34
515,Obidos,BR,2023-01-05 01:15:33,-1.9175,-55.5181,74.08,93,100,3.36
516,Tarnogskiy Gorodok,RU,2023-01-05 01:15:34,60.4997,43.5761,-8.28,96,98,6.51
517,Nove Mesto Pod Smrkem,CZ,2023-01-05 01:15:34,50.9249,15.2294,49.24,73,100,20.24
518,Ayapa,MX,2023-01-05 01:15:35,18.1833,-93.1667,77.99,92,1,6.26
519,Savannah Bight,HN,2023-01-05 01:15:36,16.45,-85.85,79.97,82,0,21.61
520,Sobolevo,RU,2023-01-05 01:15:36,54.4299,31.8996,29.21,97,100,7.7
521,Kathu,TH,2023-01-05 01:15:37,7.9178,98.3332,76.82,76,89,11.97
522,Mobaye,CF,2023-01-05 01:15:38,4.319,21.1786,73.38,47,100,2.19
523,Honningsvag,NO,2023-01-05 01:15:39,70.9821,25.9704,28.15,93,75,3.44
524,Jiblah,YE,2023-01-05 01:15:39,13.9216,44.1467,54.54,49,26,5.77
525,Springdale,US,2023-01-05 01:14:38,36.1867,-94.1288,42.51,58,0,5.99
526,Vargashi,RU,2023-01-05 01:15:40,55.3556,65.8467,2.53,99,89,4.25
527,Esil,KZ,2023-01-05 01:15:41,51.9556,66.4042,28.71,94,100,11.77
528,Kenai,US,2023-01-05 01:15:42,60.5544,-151.2583,35.69,80,0,10.36
529,Kandalaksha,RU,2023-01-05 01:12:45,67.162,32.4123,0.99,98,82,5.5
530,Chimbote,PE,2023-01-05 01:15:43,-9.0853,-78.5783,69.06,82,100,7.27
531,Rio Gallegos,AR,2023-01-05 01:15:44,-51.6226,-69.2181,50.05,81,100,16.11
532,Tiznit,MA,2023-01-05 01:15:44,29.5833,-9.5,56.14,28,5,4.65
533,Ketchikan,US,2023-01-05 01:15:45,55.3422,-131.6461,44.58,81,0,6.91
534,Xuddur,SO,2023-01-05 01:15:46,4.1213,43.8894,68.14,84,71,9.13
535,Sampit,ID,2023-01-05 01:15:46,-2.5333,112.95,79.72,77,100,4.65
536,Warmbad,NA,2023-01-05 01:15:47,-28.45,18.7333,59.92,64,0,14.27
537,Batagay-Alyta,RU,2023-01-05 01:15:47,67.8006,130.4114,-20.78,98,100,1.41
538,Tahoua,NE,2023-01-05 01:15:48,14.8888,5.2692,64.2,23,100,12.91
539,Nizhneangarsk,RU,2023-01-05 01:15:49,55.7833,109.55,-1.12,91,100,3.83
540,Longyearbyen,SJ,2023-01-05 01:15:22,78.2186,15.6401,30.04,86,75,4.61
541,Washington,US,2023-01-05 01:13:43,47.5001,-120.5015,34.34,82,100,1.3
542,Espinosa,BR,2023-01-05 01:15:50,-14.9261,-42.8192,69.31,93,100,2.66
543,Puerto Colombia,CO,2023-01-05 01:15:51,10.9878,-74.9547,78.89,81,0,24.92
544,Nelson Bay,AU,2023-01-05 01:15:52,-32.7167,152.15,71.01,87,100,18.01
545,Ilanskiy,RU,2023-01-05 01:15:52,56.2358,96.065,8.85,92,100,5.39
546,Pedernales,DO,2023-01-05 01:15:53,18.0384,-71.744,75.72,68,0,1.86
547,Saint-Francois,FR,2023-01-05 01:15:53,46.4154,3.9054,51.24,87,100,8.05
548,San Quintin,MX,2023-01-05 01:15:54,30.4833,-115.95,60.55,79,48,3.51
549,Ganzhou,CN,2023-01-05 01:15:54,28.8184,115.4327,50.5,70,39,2.59
550,Mokhsogollokh,RU,2023-01-05 01:15:55,61.4681,128.9203,-20.96,100,100,2.33
551,Ambulu,ID,2023-01-05 01:15:55,-8.345,113.6058,80.58,79,39,7.07
552,Chifeng,CN,2023-01-05 01:16:26,42.2683,118.9636,17.06,62,1,6.08
553,Cumberland,US,2023-01-05 01:15:19,35.0502,-78.8664,66.49,94,100,10.36
554,Alexandria,EG,2023-01-05 01:16:28,31.2156,29.9553,61.02,62,0,9.48
555,Luebo,CD,2023-01-05 01:16:29,-5.35,21.4167,69.89,99,100,0.96
556,Vavoua,CI,2023-01-05 01:16:30,7.3819,-6.4778,68.94,25,84,2.71
557,Manicore,BR,2023-01-05 01:16:30,-5.8092,-61.3003,73.06,99,100,2.71
558,Kalabo,ZM,2023-01-05 01:15:40,-14.97,22.6814,64.87,94,100,4.63
559,Nemuro,JP,2023-01-05 01:16:31,43.3236,145.575,24.37,54,32,12.5
560,Makat,KZ,2023-01-05 01:16:32,47.6469,53.3463,36.48,77,100,9.13
561,Bagdarin,RU,2023-01-05 01:16:33,54.4333,113.6,-8.37,96,100,1.01
562,Cabadiangan,PH,2023-01-05 01:16:33,9.7531,122.4739,81.48,76,88,7.78
563,Araouane,ML,2023-01-05 01:16:34,18.9048,-3.5265,62.24,21,100,9.84
564,Ilhabela,BR,2023-01-05 01:16:35,-23.7781,-45.3581,71.74,95,100,7.61
565,Kalininsk,RU,2023-01-05 01:16:35,51.5,44.4758,27.95,78,100,8.84
566,Kargopol,RU,2023-01-05 01:16:36,61.5071,38.9456,-12.75,100,87,4.45
567,Staryy Nadym,RU,2023-01-05 01:16:35,65.6118,72.6842,0.7,95,100,16.51
568,Semikarakorsk,RU,2023-01-05 01:16:37,47.5194,40.8112,33.57,81,9,7.54
569,Envira,BR,2023-01-05 01:16:37,-7.3,-70.2167,72.46,98,100,2.55
570,Santo Domingo,DO,2023-01-05 01:16:38,18.5001,-69.9886,74.03,92,40,4.0
571,Sungaipenuh,ID,2023-01-05 01:16:38,-2.0833,101.3833,67.51,87,100,0.58
572,Sabang,ID,2023-01-05 01:16:39,5.8933,95.3214,80.55,79,100,16.91
573,Mitsamiouli,KM,2023-01-05 01:16:40,-11.3847,43.2844,80.58,79,73,8.95
574,Puerto Baquerizo Moreno,EC,2023-01-05 01:16:40,-0.9,-89.6,72.54,81,9,9.01
575,Vao,NC,2023-01-05 01:16:41,-22.6667,167.4833,76.62,76,3,9.6
576,Fez,MA,2023-01-05 01:16:41,34.0372,-4.9998,39.45,75,0,4.61
577,Saint-Denis,FR,2023-01-05 01:16:42,48.9167,2.3333,56.1,90,75,11.5
578,Raga,SS,2023-01-05 01:16:43,8.4596,25.678,68.65,36,0,4.85
579,Sisimiut,GL,2023-01-05 01:16:43,66.9395,-53.6735,4.28,69,73,13.76
580,Tahta,EG,2023-01-05 01:16:44,26.7693,31.5021,55.94,65,9,5.66
581,Yazoo City,US,2023-01-05 01:16:45,32.8551,-90.4056,53.91,74,82,5.35
582,Smolenskoye,RU,2023-01-05 01:16:46,52.3044,85.0781,16.93,87,100,5.14
583,Aleppo,SY,2023-01-05 01:16:46,36.25,37.5,43.84,58,6,10.76
584,Kitimat,CA,2023-01-05 01:15:38,54.0524,-128.6534,35.98,30,100,1.01
585,Vodstroy,RU,2023-01-05 01:16:47,48.8416,44.5579,32.29,86,75,11.18
586,Patiala,IN,2023-01-05 01:16:48,30.3267,76.4003,39.79,57,0,4.94
