,City,Country,Lat,Lng,Max Temp,Humidity,Cloudiness,Wind Speed
0,Upernavik,GL,72.7868,-56.1549,-14.76,92,27,9.93
1,Kapaa,US,22.0752,-159.319,81.48,70,40,6.91
2,San Lorenzo,PY,-25.3333,-57.5333,76.59,53,0,5.01
3,Georgetown,MY,5.4112,100.3354,82.33,82,20,6.91
4,Rikitea,PF,-23.1203,-134.9692,78.4,70,2,14.03
5,Lodja,CD,-3.4833,23.4333,68.45,99,100,5.06
6,Mar Del Plata,AR,-38.0023,-57.5575,69.94,92,75,20.0
7,Kampene,CD,-3.6,26.6667,66.02,99,100,1.92
8,Faya,SA,18.3851,42.4509,45.12,80,1,2.71
9,Ballinrobe,IE,53.6333,-9.2333,47.75,70,100,21.23
10,Dingle,PH,10.9995,122.6711,76.32,82,91,13.53
11,Ushuaia,AR,-54.8,-68.3,56.86,54,75,3.44
12,Busselton,AU,-33.65,115.3333,76.28,42,1,2.06
13,Avarua,CK,-21.2078,-159.775,77.05,83,75,5.75
14,Severo-Kurilsk,RU,50.6789,156.125,25.21,64,95,22.21
15,Touros,BR,-5.1989,-35.4608,78.58,80,99,10.98
16,Hilo,US,19.7297,-155.09,80.33,66,0,10.36
17,Hami,CN,42.8,93.45,26.58,43,6,2.53
18,Asau,RO,46.4333,26.4,34.72,98,100,2.59
19,Sao Filipe,CV,14.8961,-24.4956,72.37,66,0,14.27
20,Waipawa,NZ,-41.4122,175.5153,54.39,87,100,11.9
21,Vardo,NO,70.3705,31.1107,15.78,86,20,14.97
22,Port Lincoln,AU,-34.7333,135.8667,78.66,48,15,13.65
23,Kruisfontein,ZA,-34.0033,24.7314,58.89,85,20,4.47
24,Albany,US,42.6001,-73.9662,31.23,74,13,3.0
25,Aktash,RU,50.3,87.7333,-1.39,90,43,5.86
26,Kavieng,PG,-2.5744,150.7967,83.91,72,82,7.02
27,Sydney,AU,-33.8679,151.2073,81.61,53,30,7.0
28,Thompson,CA,55.7435,-97.8558,1.56,85,75,2.3
29,Srednekolymsk,RU,67.45,153.6833,-33.81,97,100,10.0
30,Xuddur,SO,4.1213,43.8894,68.13,82,30,14.81
31,Butaritari,KI,3.0707,172.7902,80.2,81,23,14.03
32,Roald,NO,62.5833,6.1333,52.72,70,40,8.05
33,Saldanha,ZA,-33.0117,17.9442,60.85,88,0,8.41
34,Quatre Cocos,MU,-20.2078,57.7625,77.11,75,23,12.77
35,Mataura,NZ,-46.1927,168.8643,78.48,27,0,8.59
36,Bosaso,SO,11.2842,49.1816,72.36,79,45,2.01
37,Tuktoyaktuk,CA,69.4541,-133.0374,-0.4,85,75,4.61
38,Nikolskoye,RU,59.7035,30.7861,-0.22,86,83,5.95
39,Bambous Virieux,MU,-20.3428,57.7575,77.25,83,40,8.05
40,Dunedin,NZ,-45.8742,170.5036,59.81,95,0,16.58
41,Chokurdakh,RU,70.6333,147.9167,-22.97,98,100,5.26
42,Ribeira Grande,PT,38.5167,-28.7,63.0,94,75,19.57
43,Kodiak,US,57.79,-152.4072,29.71,69,0,21.85
44,Paamiut,GL,61.994,-49.6678,26.51,96,100,6.42
45,Dikson,RU,73.5069,80.5464,-0.89,95,100,5.7
46,Tuatapere,NZ,-46.1333,167.6833,74.61,41,0,7.99
47,Saint George,US,37.1041,-113.5841,47.43,74,0,4.61
48,Alta Floresta,BR,-9.8756,-56.0861,69.87,98,99,2.59
49,Mount Gambier,AU,-37.8333,140.7667,92.97,19,6,11.83
50,Hobart,AU,-42.8794,147.3294,82.06,43,20,9.22
51,Gouyave,GD,12.1646,-61.7296,74.17,94,75,10.36
52,Kaitangata,NZ,-46.2817,169.8464,63.57,59,0,15.43
53,Shiraoi,JP,42.55,141.35,27.75,70,64,1.66
54,Tiksi,RU,71.6872,128.8694,-41.89,100,74,2.93
55,Ampanihy,MG,-24.7,44.75,74.91,84,89,3.33
56,Oxelosund,SE,58.6706,17.1015,37.78,100,100,13.8
57,Plettenberg Bay,ZA,-34.0527,23.3716,64.58,77,28,3.18
58,Tottori,JP,35.5,134.2333,46.47,81,75,4.61
59,Saskylakh,RU,71.9167,114.0833,-32.01,99,100,3.56
60,Lavrentiya,RU,65.5833,-171.0,-6.88,97,45,4.63
61,Jamestown,US,42.097,-79.2353,35.19,56,100,10.36
62,Yellowknife,CA,62.456,-114.3525,9.12,92,100,3.44
63,Punta Arenas,CL,-53.15,-70.9167,60.91,41,0,5.75
64,Port Alfred,ZA,-33.5906,26.891,60.19,94,4,9.73
65,Uvinza,TZ,-5.1036,30.3911,63.28,96,83,2.51
66,East London,ZA,-33.0153,27.9116,62.33,82,0,7.34
67,Kinablangan,PH,7.6947,126.5503,76.05,90,100,9.82
68,Chuy,UY,-33.6971,-53.4616,67.5,85,0,10.0
69,Faanui,PF,-16.4833,-151.75,81.63,68,56,2.28
70,Lata,PT,40.1629,-8.3327,57.81,95,100,10.54
71,Vaini,TO,-21.2,-175.2,87.96,74,75,11.5
72,Kondinskoye,RU,59.6481,67.41,-14.93,92,100,12.8
73,Parabel,RU,58.6978,81.4825,24.44,95,100,11.32
74,Baruun-Urt,MN,46.6806,113.2792,9.57,76,16,5.55
75,Macas,EC,-2.3167,-78.1167,65.52,98,100,2.1
76,Katsuura,JP,35.1333,140.3,51.08,44,0,5.19
77,Zinder,NE,13.8072,8.9881,60.89,25,3,9.84
78,Saint-Pierre,RE,-21.3393,55.4781,75.9,64,14,8.05
79,Kurmanayevka,RU,52.5093,52.0675,-16.08,97,17,8.03
80,Khatanga,RU,71.9667,102.5,-34.01,100,100,2.68
81,Cherskiy,RU,68.75,161.3,-22.63,98,100,6.31
82,Dali,CN,25.7,100.1833,53.94,51,0,1.25
83,Hithadhoo,MV,-0.6,73.0833,79.57,80,67,6.85
84,Puerto Ayora,EC,-0.7393,-90.3518,73.54,96,12,6.13
85,Balkanabat,TM,39.5108,54.3671,40.23,79,100,6.44
86,Narsaq,GL,60.9167,-46.05,14.22,69,100,8.72
87,Bengkulu,ID,-3.8004,102.2655,81.81,68,93,8.55
88,Longyearbyen,SJ,78.2186,15.6401,26.44,63,0,13.8
89,San Quintin,MX,30.4833,-115.95,59.09,67,23,5.57
90,Shirokiy,RU,49.758,129.523,-2.06,91,86,4.0
91,Atuona,PF,-9.8,-139.0333,78.66,75,12,14.14
92,Half Moon Bay,US,37.4636,-122.4286,54.05,89,100,21.85
93,Sitka,US,57.0531,-135.33,44.49,76,100,12.66
94,Morondava,MG,-20.2833,44.2833,77.95,81,71,4.68
95,Gat,IL,31.61,34.7642,53.4,100,0,3.83
96,Bredasdorp,ZA,-34.5322,20.0403,61.88,87,2,4.74
97,Nyrob,RU,60.733,56.7202,-13.25,94,100,6.29
98,Kiunga,PG,-6.1219,141.2906,93.69,46,100,2.04
99,Sinnamary,GF,5.3833,-52.95,75.25,90,100,9.15
100,Umm Lajj,SA,25.0213,37.2685,67.08,47,8,8.41
101,Martil,MA,35.6166,-5.2752,60.76,63,99,9.22
102,San Jose,US,37.3394,-121.895,54.0,82,100,25.32
103,Cape Town,ZA,-33.9258,18.4232,67.37,78,0,8.05
104,Urucui,BR,-7.2294,-44.5561,76.48,78,96,1.92
105,Marsabit,KE,2.3284,37.9899,63.19,80,39,14.72
106,Krasnoborsk,RU,61.5598,45.934,-26.52,99,37,3.49
107,Zeitz,DE,51.05,12.15,47.28,79,100,13.29
108,Boa Viagem,BR,-5.1275,-39.7322,72.16,79,3,3.22
109,Saint-Philippe,RE,-21.3585,55.7679,78.39,77,13,10.63
110,Marsaxlokk,MT,35.8419,14.5431,50.61,100,0,6.91
111,Castro,BR,-24.7911,-50.0119,54.14,99,32,6.29
112,Saint-Leu,RE,-21.15,55.2833,77.86,76,4,3.29
113,Acapulco,MX,16.8634,-99.8901,80.42,78,0,5.75
114,Pevek,RU,69.7008,170.3133,-15.2,99,99,5.53
115,Ostrovnoy,RU,68.0531,39.5131,7.83,97,75,7.65
116,Ilulissat,GL,69.2167,-51.1,6.82,66,59,2.3
117,Nampula,MZ,-15.1165,39.2666,73.35,94,75,8.05
118,Esna,EG,25.2934,32.554,50.02,56,37,7.65
119,Victoria,HK,22.2855,114.1577,69.85,45,100,5.99
120,Kamenka,RU,51.3223,42.7678,-2.47,91,6,6.78
121,Mehran,IR,33.1222,46.1646,53.6,69,99,5.79
122,Bluff,NZ,-46.6,168.3333,65.14,60,0,23.4
123,Hobyo,SO,5.3505,48.5268,76.12,80,6,15.7
124,New Norfolk,AU,-42.7826,147.0587,81.72,19,0,3.71
125,Lebu,CL,-37.6167,-73.65,57.02,91,65,6.22
126,Carnarvon,AU,-24.8667,113.6333,83.53,41,0,19.75
127,Peniche,PT,39.3558,-9.3811,61.29,96,100,22.48
128,Chaihe,CN,44.7667,129.7,8.04,87,100,4.9
129,Lompoc,US,34.6391,-120.4579,57.85,75,100,17.0
130,Banjar,ID,-8.19,114.9675,86.79,60,5,3.38
131,Tautira,PF,-17.7333,-149.15,80.83,74,52,9.28
132,Golubitskaya,RU,45.3222,37.2822,14.41,55,16,14.67
133,Norman Wells,CA,65.282,-126.8329,-9.36,84,75,0.0
134,Esperance,AU,-33.8667,121.9,68.22,55,0,9.4
135,Cabo San Lucas,MX,22.8909,-109.9124,71.51,76,0,3.0
136,Qaanaaq,GL,77.484,-69.3632,-10.89,100,100,3.49
137,Fort-Shevchenko,KZ,44.5086,50.263,21.87,67,100,18.72
138,Yuzhno-Kurilsk,RU,44.0306,145.8556,28.9,62,100,10.87
139,Panama City,PA,8.9936,-79.5197,78.75,87,75,5.75
140,Kijang,KR,35.2442,129.2139,42.53,31,46,2.91
141,Belaya Gora,RU,68.5333,146.4167,-28.41,97,100,3.09
142,Port Augusta,AU,-32.5,137.7667,100.13,11,69,5.23
143,Oxbow,CA,49.2333,-102.1676,17.2,92,5,8.46
144,Aleksandrovsk-Sakhalinskiy,RU,50.8975,142.1561,13.78,88,98,7.23
145,Ulaanbaatar,MN,47.9077,106.8832,-9.27,77,40,2.24
146,Araouane,ML,18.9048,-3.5265,63.57,18,100,12.35
147,Iqaluit,CA,63.7506,-68.5145,-15.07,76,40,26.46
148,Kalmunai,LK,7.4167,81.8167,78.31,81,52,12.33
149,Cockburn Town,TC,21.4612,-71.1419,78.08,73,0,18.37
150,Imperatriz,BR,-5.5264,-47.4917,72.3,95,87,1.83
151,Ahipara,NZ,-35.1667,173.1667,73.71,73,14,6.2
152,Agogo,GH,6.8,-1.0819,68.32,95,32,2.8
153,Provideniya,RU,64.3833,-173.3,1.0,94,100,10.36
154,Cidreira,BR,-30.1811,-50.2056,71.35,73,2,13.2
155,San Patricio,US,28.017,-97.5169,73.83,93,21,9.31
156,Saint Andrews,US,34.0454,-81.1293,47.41,75,75,0.0
157,Angahuan,MX,19.55,-102.1833,45.63,74,0,0.56
158,Bafq,IR,31.6128,55.4107,44.2,51,0,2.39
159,Brokopondo,SR,4.75,-55.1667,74.61,92,100,7.63
160,Talnakh,RU,69.4865,88.3972,-30.8,99,100,9.82
161,Sur,OM,22.5667,59.5289,68.09,73,0,1.32
162,Souillac,MU,-20.5167,57.5167,77.38,83,40,8.05
163,Concarneau,FR,47.875,-3.9225,48.99,78,8,18.3
164,Nova Floresta,BR,-6.4553,-36.2033,68.23,90,100,11.95
165,Hermanus,ZA,-34.4187,19.2345,64.8,79,6,10.51
166,Havelock,US,34.8791,-76.9013,51.75,87,0,0.0
167,Lagoa,PT,39.05,-27.9833,61.16,87,95,25.52
168,Sao Joao Da Barra,BR,-21.6403,-41.0511,68.52,94,100,11.21
169,Rocha,UY,-34.4833,-54.3333,64.29,95,0,8.14
170,Velsk,RU,61.0701,42.0983,-20.67,98,7,3.11
171,Makakilo City,US,21.3469,-158.0858,80.35,66,0,10.36
172,Eydhafushi,MV,5.1033,73.0708,80.37,75,51,9.98
173,Jalingo,NG,8.8833,11.3667,69.62,23,47,4.99
174,Bezhetsk,RU,57.7851,36.6965,-8.28,100,81,5.32
175,Verkhnyachka,UA,48.8285,30.0396,23.49,56,100,10.22
176,Fortuna,US,40.5982,-124.1573,52.66,90,100,13.0
177,Westport,US,41.1415,-73.3579,40.82,76,0,5.75
178,Noumea,NC,-22.2763,166.4572,85.98,66,100,14.18
179,Tasiilaq,GL,65.6145,-37.6368,15.96,57,17,9.62
180,Tomatlan,MX,19.9333,-105.25,67.87,87,0,3.33
181,Isabela,PH,6.7085,121.9711,86.05,71,100,5.66
182,Patos,BR,-7.0244,-37.28,78.24,64,71,6.42
183,Adrar,MR,20.5022,-10.0711,62.62,19,100,13.51
184,Bilma,NE,18.6853,12.9164,61.59,33,5,9.82
185,Ketchikan,US,55.3422,-131.6461,45.07,81,75,14.97
186,Sakakah,SA,29.9697,40.2064,47.77,62,100,3.96
187,Tazovskiy,RU,67.4667,78.7,-38.81,98,65,5.95
188,Ondjiva,AO,-17.0667,15.7333,72.5,33,100,6.51
189,Alofi,NU,-19.0595,-169.9187,84.09,79,91,11.5
190,Buala,SB,-8.145,159.5921,84.9,64,100,5.12
191,Coahuayana,MX,18.7333,-103.6833,71.17,88,0,3.02
192,Naruja,GE,41.9069,41.9542,35.92,96,100,2.13
193,Wajima,JP,37.4,136.9,41.68,87,75,2.3
194,Canatlan,MX,24.5167,-104.7833,53.33,27,8,5.01
195,Columbia,US,34.0007,-81.0348,47.32,76,75,0.0
196,Anadyr,RU,64.75,177.4833,7.3,78,100,8.95
197,Pervomayskiy,RU,53.2485,40.2871,1.69,85,12,7.09
198,Torbay,CA,47.6666,-52.7314,30.58,87,75,5.01
199,Carlos Antonio Lopez,PY,-26.4,-54.7667,65.39,56,0,1.41
200,Kayankulam,IN,9.1833,76.5,81.97,67,0,7.76
201,Ponta Do Sol,PT,32.6667,-17.1,64.71,73,34,6.96
202,Launceston,AU,-41.45,147.1667,73.04,49,0,13.8
203,Chunar,IN,25.1333,82.9,44.65,34,0,6.29
204,Suntar,RU,62.1444,117.6319,-6.32,98,100,3.29
205,Bokajan,IN,26.0167,93.7833,59.16,82,0,2.3
206,Storforshei,NO,66.4043,14.5233,28.18,59,100,20.71
207,Dabakala,CI,8.3667,-4.4333,75.34,31,93,1.61
208,Platanos,GR,37.6667,21.6167,54.09,84,3,4.56
209,Ulladulla,AU,-35.35,150.4667,69.89,52,1,7.99
210,Mettet,BE,50.3212,4.6623,47.82,87,75,14.97
211,Kokoda,PG,-8.8785,147.7407,87.98,62,100,2.53
212,Odesskoye,RU,54.2111,72.9651,27.66,97,100,8.48
213,Quchan,IR,37.106,58.5095,32.77,84,58,2.28
214,Hamilton,US,39.1834,-84.5333,34.93,80,0,8.05
215,Huarmey,PE,-10.0681,-78.1522,69.15,82,37,4.12
216,Nanortalik,GL,60.1432,-45.2371,23.86,75,100,6.06
217,Barrow,US,71.2906,-156.7887,-11.18,77,40,18.41
218,Cabo Rojo,PR,18.0866,-67.1457,73.96,89,7,4.79
219,Bethel,US,41.3712,-73.414,37.27,76,0,5.01
220,Mackay,AU,-21.15,149.2,90.68,65,92,10.31
221,Nome,US,64.5011,-165.4064,17.67,93,100,5.75
222,North Bend,US,43.4065,-124.2243,51.93,92,100,4.61
223,Kiruna,SE,67.8557,20.2251,5.92,78,100,5.75
224,Lindi,TZ,-10.0,39.7167,73.29,95,87,1.68
225,Jacqueville,CI,5.2052,-4.4146,79.18,85,77,6.15
226,Chelno-Vershiny,RU,54.4333,51.1,-14.08,98,93,7.09
227,Port Elizabeth,ZA,-33.918,25.5701,64.69,93,0,5.75
228,Iskateley,RU,67.6803,53.1512,-31.88,100,30,3.09
229,Numan,NG,9.4667,12.0333,66.92,28,27,3.8
230,Nyurba,RU,63.2842,118.3319,-15.93,98,100,3.51
231,Ibra,OM,22.6906,58.5334,59.76,81,0,0.54
232,Labuan,MY,5.2767,115.2417,79.16,88,20,0.0
233,Comodoro Rivadavia,AR,-45.8667,-67.5,73.26,38,0,2.3
234,Roma,US,43.2128,-75.4557,29.08,80,0,4.61
235,Zemio,CF,5.0314,25.1361,64.33,39,13,2.57
236,Aklavik,CA,68.2191,-135.0107,-17.34,100,76,4.34
237,Henties Bay,NA,-22.116,14.2845,64.71,78,81,7.65
238,Kerouane,GN,9.2667,-9.0167,69.98,34,20,0.6
239,Kozhevnikovo,RU,56.2589,83.9714,25.88,95,100,15.12
240,Kurilsk,RU,45.2333,147.8833,25.68,64,100,2.06
241,Amantea,IT,39.1332,16.0746,55.15,73,22,1.9
242,Rockport,US,28.0206,-97.0544,73.99,96,100,8.05
243,Jose De Freitas,BR,-4.7564,-42.5756,74.35,95,41,4.21
244,Impfondo,CG,1.6381,18.0667,74.41,46,100,3.09
245,Benjamin Constant,BR,-4.3831,-70.0311,75.33,96,85,1.32
246,Leiyang,CN,26.4024,112.8591,64.0,39,54,2.62
247,Payo,ID,-3.7508,103.6372,86.07,61,41,2.26
248,Dhidhdhoo,MV,6.8833,73.1,80.82,71,43,8.34
249,Zhigansk,RU,66.7697,123.3711,-18.22,97,100,10.38
250,Matay,EG,28.419,30.7792,52.05,59,0,4.12
251,Constitucion,CL,-35.3333,-72.4167,57.43,90,0,5.73
252,Grindavik,IS,63.8424,-22.4338,33.75,86,40,24.16
253,Namibe,AO,-15.1961,12.1522,69.57,69,79,7.63
254,Bonavista,CA,48.6499,-53.1147,28.89,79,78,3.24
255,Sete Lagoas,BR,-19.4658,-44.2467,68.88,99,100,4.18
256,Monroe,US,43.1501,-77.6831,31.69,75,40,8.05
257,Birjand,IR,32.8663,59.2211,28.87,74,0,4.61
258,Bayeux,BR,-7.125,-34.9322,79.43,78,20,8.05
259,Korla,CN,41.7597,86.1469,28.15,41,28,2.26
260,Leningradskiy,RU,69.3833,178.4167,-19.77,95,75,4.79
261,Morro Bay,US,35.3658,-120.8499,57.99,80,100,1.01
262,Neiafu,TO,-18.65,-173.9833,84.88,79,75,5.75
263,Bow Island,CA,49.8668,-111.3684,34.86,80,56,9.22
264,Olafsvik,IS,64.8945,-23.7142,36.0,88,100,27.4
265,Pacific Grove,US,36.6177,-121.9166,51.89,85,75,17.27
266,Tilichiki,RU,60.4667,166.1,-20.51,93,41,11.43
267,Balaguer,ES,41.7912,0.8109,40.68,91,100,0.81
268,Dera Gopipur,IN,31.9,76.2167,54.95,46,14,1.92
269,Blind River,CA,46.1834,-82.9582,17.71,90,34,1.9
270,Hokitika,NZ,-42.7167,170.9667,71.37,49,1,9.01
271,Kirakira,SB,-10.4544,161.9205,84.54,68,100,8.01
272,Beringovskiy,RU,63.05,179.3167,5.09,96,100,15.32
273,Nueve De Julio,AR,-35.4444,-60.8831,73.96,50,40,15.82
274,Zemen,BG,42.4789,22.7492,35.62,80,24,2.3
275,Kudahuvadhoo,MV,2.6708,72.8944,81.27,75,25,18.77
276,Mareeba,AU,-17.0,145.4333,81.45,83,100,2.28
277,Bilibino,RU,68.0546,166.4372,-26.46,100,99,1.03
278,Cayenne,GF,4.9333,-52.3333,71.64,100,100,0.0
279,Kaabong,UG,3.4836,34.1492,65.52,51,11,8.1
280,La Plata,AR,-34.9215,-57.9545,77.83,56,54,15.43
281,Xingcheng,CN,40.6167,120.7167,37.87,39,0,5.3
282,Buraydah,SA,26.326,43.975,46.85,50,99,5.37
283,Verkhnyaya Inta,RU,65.9811,60.3094,-38.11,98,18,3.36
284,Pisco,PE,-13.7,-76.2167,69.85,88,0,5.75
285,Sisimiut,GL,66.9395,-53.6735,12.16,80,99,7.94
286,Shingu,JP,33.7333,135.9833,53.01,48,32,4.99
287,Hofn,IS,64.2539,-15.2082,37.42,70,100,23.02
288,Bajil,YE,15.0584,43.2851,73.04,86,13,2.53
289,Mahebourg,MU,-20.4081,57.7,77.29,83,40,8.05
290,Saravan,AM,39.7196,45.6483,22.8,89,100,3.31
291,Nemuro,JP,43.3236,145.575,28.42,61,44,6.67
292,Luderitz,NA,-26.6481,15.1594,63.82,70,0,2.06
293,Hellin,ES,38.5106,-1.701,47.21,70,82,3.87
294,Baykit,RU,61.67,96.37,-15.93,99,100,0.76
295,Saint-Augustin,CA,51.226,-58.6502,16.92,94,100,1.77
296,Den Helder,NL,52.9599,4.7593,46.96,89,100,17.27
297,Ambrolauri,GE,42.5211,43.1622,25.65,97,100,2.19
298,Kuminskiy,RU,58.6667,66.5667,-12.37,93,100,11.12
299,Phuket,TH,8.0,98.25,83.08,69,20,5.75
300,Oum Hadjer,TD,13.2954,19.6966,64.36,21,29,9.08
301,Leamington,CA,42.0549,-82.6062,31.87,80,6,3.98
302,Kaeo,NZ,-35.1,173.7833,72.14,79,55,5.61
303,Leopold,AU,-38.1833,144.4667,85.17,48,0,11.5
304,Sumbe,AO,-11.2061,13.8437,75.61,86,99,2.37
305,Devils Lake,US,48.1128,-98.8651,10.94,86,75,11.5
306,Shushtar,IR,32.0455,48.8567,50.23,69,0,1.97
307,Vestmannaeyjar,IS,63.4427,-20.2734,33.26,73,98,14.41
308,Hambantota,LK,6.1241,81.1185,75.54,100,20,6.91
309,Lasa,IT,46.6166,10.7002,31.03,94,82,3.98
310,Logrono,ES,42.4667,-2.45,49.44,93,100,5.75
311,Yar-Sale,RU,66.8333,70.8333,-38.7,100,39,6.87
312,Clyde River,CA,70.4692,-68.5914,-23.57,76,0,2.3
313,Ndioum,SN,16.5129,-14.6471,74.62,16,100,8.03
314,Ischia,IT,40.7342,13.9471,58.55,87,62,8.01
315,Shaoyang,CN,27.2315,111.4525,59.54,36,37,2.8
316,Otavi,NA,-19.65,17.3333,70.3,48,94,6.04
317,Kangaatsiaq,GL,68.3065,-53.4641,4.5,98,98,6.93
318,Olavarria,AR,-36.8927,-60.3225,69.84,58,0,15.75
319,Marzuq,YE,14.4,46.4667,56.84,73,0,2.91
320,Shizukuishi,JP,39.6833,140.9833,29.17,63,50,9.66
321,Nhulunbuy,AU,-12.2333,136.7667,86.61,74,100,17.27
322,Isangel,VU,-19.55,169.2667,80.37,88,100,12.77
323,Mandalgovi,MN,45.7625,106.2708,19.18,56,100,3.56
324,Ostersund,SE,63.1792,14.6357,32.61,100,100,17.0
325,Mahibadhoo,MV,3.7833,72.9667,80.49,77,27,19.01
326,Angoche,MZ,-16.2325,39.9086,75.52,92,98,7.16
327,Chinhoyi,ZW,-17.3667,30.2,63.07,95,100,4.76
328,Luau,AO,-10.7073,22.2247,62.42,99,100,2.71
329,Mongu,ZM,-15.2484,23.1274,65.84,93,98,1.48
330,Tarazona,ES,41.9,-1.7333,44.42,81,100,9.26
331,Guariba,BR,-21.36,-48.2283,64.53,92,100,6.33
332,Sept-Iles,CA,50.2001,-66.3821,17.6,65,100,13.8
333,Bruck An Der Leitha,AT,48.0167,16.7667,44.67,96,75,12.66
334,Mount Pleasant,US,32.7941,-79.8626,51.94,88,20,0.0
335,Karratha,AU,-20.7377,116.8463,92.77,40,65,16.8
336,Troitskoye,RU,52.9821,84.6757,18.7,91,100,8.1
337,Harper,LR,4.375,-7.7169,78.17,85,70,7.38
338,Lorengau,PG,-2.0226,147.2712,84.43,69,100,4.25
339,Warrnambool,AU,-38.3833,142.4833,79.05,51,1,9.51
340,Pahrump,US,36.2083,-115.9839,47.25,77,100,1.01
341,Nova Granada,BR,-20.5339,-49.3142,71.85,96,100,6.96
342,Dinar,TR,38.065,30.1656,19.36,71,4,2.8
343,Grand Gaube,MU,-20.0064,57.6608,77.4,77,8,5.01
344,Broken Hill,AU,-31.95,141.4333,91.47,17,38,8.37
345,Nuuk,GL,64.1835,-51.7216,22.87,100,100,8.99
346,Limbe,CM,4.0242,9.2149,77.92,80,89,3.2
347,Maragogi,BR,-9.0122,-35.2225,76.86,77,15,7.58
348,Bethanien,NA,-26.502,17.1583,69.94,24,0,2.46
349,Hede,CN,33.7681,120.2517,57.72,35,0,10.89
350,Fomboni,KM,-12.28,43.7425,82.11,76,77,11.1
351,Grand Forks,US,47.9417,-97.4337,6.73,78,0,11.5
352,Bubaque,GW,11.2833,-15.8333,79.41,55,87,12.15
353,Nishihara,JP,26.1842,127.7558,67.28,57,40,9.22
354,Geraldton,AU,-28.7667,114.6,82.81,42,0,17.27
355,Caravelas,BR,-17.7125,-39.2481,74.1,95,100,4.18
356,Kathmandu,NP,27.7167,85.3167,44.82,70,20,2.3
357,Kapoeta,SS,4.7717,33.5903,75.96,33,30,2.66
358,Pierre,US,44.3683,-100.351,18.05,85,0,5.01
359,Pangnirtung,CA,66.1451,-65.7125,-3.12,82,100,3.62
360,Keti Bandar,PK,24.1447,67.4497,63.21,22,0,10.89
361,Yeppoon,AU,-23.1333,150.7333,87.58,64,16,9.6
362,Inverness,GB,57.4791,-4.224,44.51,83,75,20.71
363,Staryy Nadym,RU,65.6118,72.6842,-37.34,90,12,8.61
364,Mahon,ES,39.8885,4.2658,59.56,82,75,16.11
365,Pilar,BR,-9.5972,-35.9567,71.53,88,22,4.61
366,Lamesa,US,32.7376,-101.951,43.52,41,100,7.14
367,Iquique,CL,-20.2208,-70.1431,66.24,77,24,0.87
368,Dehloran,IR,32.6941,47.2679,50.94,68,57,3.76
369,Waddan,LY,29.1614,16.139,48.85,74,8,5.77
370,Shimoda,JP,34.6667,138.95,53.96,56,25,3.31
371,Yatou,CN,37.15,122.3833,45.88,80,24,12.48
372,Pombas,CV,17.1503,-25.0201,69.58,61,0,18.66
373,Nantucket,US,41.2835,-70.0995,41.05,80,77,20.58
374,Maniitsoq,GL,65.4167,-52.9,22.66,92,100,7.31
375,Coihaique,CL,-45.5752,-72.0662,57.15,88,75,3.44
376,Khandbari,NP,27.3747,87.2039,63.59,29,0,0.07
377,Carupano,VE,10.6678,-63.2585,73.96,91,100,5.32
378,Nouadhibou,MR,20.931,-17.0347,67.12,47,84,16.42
379,Osakarovka,KZ,50.565,72.5692,34.77,99,100,23.06
380,Axim,GH,4.8699,-2.2405,78.08,86,12,2.84
381,Robertsport,LR,6.7533,-11.3686,78.55,78,6,7.58
382,Langnau,CH,46.9394,7.7874,39.65,70,78,2.48
383,Balili,PH,7.895,123.7337,76.26,84,100,9.82
384,Bodden Town,KY,19.2833,-81.25,78.93,78,0,11.5
385,Moose Factory,CA,51.2585,-80.6094,10.4,79,75,19.57
386,Santa Cruz De La Palma,ES,28.6835,-17.7642,62.74,72,0,10.36
387,Key Largo,US,25.0865,-80.4473,71.01,72,0,15.08
388,Rawlins,US,41.7911,-107.2387,16.83,90,17,9.44
389,Roebourne,AU,-20.7833,117.1333,98.19,27,74,5.1
390,Port Moresby,PG,-9.4431,147.1797,90.82,55,40,11.5
391,Zeya,RU,53.75,127.2667,-5.51,89,88,1.45
392,Hornepayne,CA,49.2138,-84.7705,16.29,92,80,12.01
393,Binzhou,CN,37.3667,118.0167,48.25,30,0,5.84
394,Qasigiannguit,GL,68.8193,-51.1922,-6.81,83,74,5.3
395,Ilhabela,BR,-23.7781,-45.3581,69.24,85,99,1.72
396,Delijan,IR,33.9905,50.6838,36.03,66,4,3.71
397,Stryn,NO,61.9045,6.7226,52.68,86,100,7.61
398,Godda,IN,24.8333,87.2167,54.86,35,0,6.55
399,Skjervoy,NO,70.0311,20.9714,14.0,81,84,35.5
400,Piacabucu,BR,-10.4056,-36.4344,77.0,80,45,8.97
401,Port-Cartier,CA,50.0334,-66.8654,17.28,71,15,14.81
402,Monmouth,US,40.3001,-74.1663,41.83,80,0,8.05
403,Fort Nelson,CA,58.8053,-122.7002,4.59,85,75,2.3
404,Felanitx,ES,39.4696,3.1483,59.52,76,22,20.27
405,Tateyama,JP,34.9833,139.8667,51.01,48,0,6.04
406,Lakes Entrance,AU,-37.8811,147.981,74.16,58,0,11.72
407,Uyuni,BO,-20.4597,-66.825,50.94,65,87,11.92
408,Banikoara,BJ,11.2985,2.4386,69.69,21,18,6.06
409,Necochea,AR,-38.5473,-58.7368,69.44,60,71,17.49
410,Sola,VU,-13.8833,167.55,82.27,75,85,13.35
411,Stornoway,GB,58.2093,-6.3865,46.36,84,75,28.77
412,Bystryy Istok,RU,52.371,84.3873,13.69,91,100,3.4
413,College,US,64.8569,-147.8028,-7.78,100,72,3.04
414,Panjakent,TJ,39.4952,67.6093,43.65,60,34,6.64
415,Osorheiu,RO,47.0333,22.05,35.71,93,100,5.75
416,Santa Isabel,BR,-23.3156,-46.2214,63.7,96,99,2.44
417,Taksimo,RU,56.3444,114.8794,0.21,94,100,1.1
418,Esso,RU,55.9333,158.7,2.52,96,86,4.85
419,Idil,TR,37.3411,41.8895,37.94,88,88,3.36
420,Rincon De La Victoria,ES,36.7172,-4.2758,58.8,88,44,6.85
421,Lipin Bor,RU,60.2622,37.9763,-7.8,100,93,3.85
422,Shelburne,CA,44.0787,-80.2041,21.76,93,67,5.99
423,Pangai,TO,-19.8,-174.35,82.98,76,100,12.26
424,Castano Primo,IT,45.5536,8.7754,44.91,96,100,2.3
425,Kjellerup,DK,56.2858,9.4353,45.55,93,100,10.36
426,Airai,TL,-8.9266,125.4092,72.36,64,59,4.21
427,Rabagani,RO,46.75,22.2333,35.87,80,100,2.66
428,Coquimbo,CL,-29.9533,-71.3436,64.13,94,20,5.75
429,Camabatela,AO,-8.1881,15.375,60.49,99,99,2.01
430,Narimanov,RU,46.6927,47.8498,3.11,69,36,12.55
431,Ancud,CL,-41.8697,-73.8203,57.7,95,99,4.27
432,San Cristobal,VE,7.7669,-72.225,69.98,96,97,2.13
433,Meulaboh,ID,4.1363,96.1285,80.73,71,60,1.66
434,Porto Novo,BJ,6.4965,2.6036,75.45,90,28,3.96
435,La Ronge,CA,55.1001,-105.2842,16.05,92,0,3.44
436,Sokoni,TZ,-6.4333,39.55,80.76,78,24,6.64
437,Isahaya,JP,32.8411,130.0431,47.53,66,20,4.61
438,Le Havre,FR,49.4938,0.1077,47.32,81,0,14.97
439,Amahai,ID,-3.3333,128.9167,86.83,62,99,1.79
440,Houlton,US,46.1262,-67.8403,19.81,71,100,16.11
441,Kamphaeng Phet,TH,16.25,99.5,76.86,48,67,5.55
442,Kilindoni,TZ,-7.9139,39.6668,80.71,76,39,6.24
443,Vanavara,RU,60.34,102.2797,-11.54,98,100,3.85
444,Jennings,US,38.7192,-90.2604,37.22,83,100,3.0
445,Esmeralda,CU,21.8525,-78.1169,72.99,88,1,8.86
446,Yumen,CN,40.2833,97.2,28.53,28,51,5.26
447,Marrakesh,MA,31.6315,-8.0083,50.07,81,31,3.44
448,Bonito,BR,-21.1211,-56.4819,68.5,81,92,2.59
449,Mayachnyy,RU,52.6839,55.685,-21.05,96,78,11.1
450,Zhezkazgan,KZ,47.8043,67.7144,31.98,100,100,22.37
451,Ormara,PK,25.2088,64.6357,68.0,65,0,2.71
452,Cabinda,AO,-5.55,12.2,76.98,90,100,3.83
453,Tigil,RU,57.8,158.6667,-2.58,97,98,2.37
454,Corinto,GR,37.9407,22.9573,46.89,71,0,0.89
455,Palmer,US,42.1584,-72.3287,34.25,68,43,4.47
456,High Level,CA,58.5169,-117.136,1.51,92,20,2.3
457,Shenzhen,CN,22.5455,114.0683,69.75,53,100,4.5
458,Cabedelo,BR,-6.9811,-34.8339,79.47,80,88,9.22
459,Richards Bay,ZA,-28.783,32.0377,62.06,85,10,6.31
460,Ballina,AU,-28.8667,153.5667,79.02,76,39,14.9
461,Coueron,FR,47.2151,-1.7217,49.68,85,78,9.22
462,San Rafael,AR,-34.6177,-68.3301,82.96,28,100,11.14
463,Marsh Harbour,BS,26.5412,-77.0636,70.5,62,0,13.8
464,Marsa Matruh,EG,31.3525,27.2453,55.6,88,40,5.75
465,Gizo,SB,-8.103,156.8419,84.6,71,86,6.24
466,Puerto Cabezas,NI,14.0351,-83.3888,74.34,91,80,8.97
467,Sudak,UA,44.85,34.9667,29.43,69,93,10.67
468,Saint-Francois,FR,46.4154,3.9054,47.64,93,75,3.44
469,Namatanai,PG,-3.6667,152.4333,85.71,68,100,7.16
470,Weiser,US,44.251,-116.9693,40.86,91,100,5.53
471,Pitimbu,BR,-7.4706,-34.8086,79.39,77,81,8.68
472,Penticton,CA,49.4806,-119.5858,39.58,93,100,14.97
473,Muyezerskiy,RU,63.9333,31.65,1.47,96,100,3.71
474,Aksum,ET,14.1245,38.7244,54.59,76,0,2.06
475,Hasaki,JP,35.7333,140.8333,52.29,54,3,9.73
476,Sistranda,NO,63.7256,8.834,44.56,70,100,6.73
477,Ambilobe,MG,-13.2,49.05,72.9,92,70,2.59
478,Walvis Bay,NA,-22.9575,14.5053,64.09,88,9,6.91
479,Yerbogachen,RU,61.2767,108.0108,-4.4,95,100,10.36
480,Riyadh,SA,24.6877,46.7219,50.14,73,12,3.53
481,Nuevo Progreso,MX,23.1667,-97.95,65.89,71,1,3.33
482,Berlevag,NO,70.8578,29.0864,14.0,85,34,19.17
483,Avera,US,33.194,-82.5271,45.37,55,0,1.41
484,Mbigou,GA,-1.9005,11.906,66.52,100,100,3.2
485,Saint-Denis,FR,48.9167,2.3333,51.96,83,75,21.85
486,Butembo,CD,0.15,29.2833,57.97,68,99,2.64
487,Goderich,CA,43.7501,-81.7165,26.92,80,78,4.61
488,Rapina,EE,58.0981,27.4636,12.07,77,10,10.76
489,Zabol,AF,32.25,67.25,33.3,100,100,4.88
490,North Branch,US,45.5113,-92.9802,10.69,85,79,4.88
491,Codrington,AU,-38.2667,141.9667,84.25,32,0,15.32
492,Ambon,ID,-3.6954,128.1814,87.94,70,40,8.05
493,Baker City,US,44.7749,-117.8344,38.59,89,100,5.79
494,Krasne,UA,49.9145,24.6134,31.71,87,13,6.87
495,Matamoros,MX,25.5333,-103.25,65.1,31,65,3.6
496,Curup,ID,-3.4667,102.5333,78.37,64,91,4.9
497,Karasjok,NO,69.4719,25.5112,-9.24,100,100,4.59
498,Conakry,GN,9.538,-13.6773,77.59,67,93,5.88
499,Filadelfia,US,39.9523,-75.1638,41.97,71,22,1.01
500,Oussouye,SN,12.485,-16.5469,77.09,24,100,13.53
501,Port Keats,AU,-14.25,129.55,85.82,68,11,13.31
502,Akyab,MM,20.15,92.9,71.58,74,46,4.76
503,Tobermory,CA,45.2501,-81.6665,22.86,72,81,0.85
504,Los Llanos De Aridane,ES,28.6585,-17.9182,58.75,72,0,11.5
505,Olbia,IT,40.9214,9.4856,51.85,82,3,10.36
506,Crema,IT,45.3588,9.6683,46.56,98,100,2.64
507,Alabaster,US,33.2443,-86.8164,60.4,74,0,3.44
508,Broome,US,42.2506,-75.833,31.68,81,100,11.5
509,Ajaccio,FR,42.0,8.9167,51.78,72,100,6.91
510,Yulara,AU,-25.2406,130.9889,73.35,50,85,25.14
511,Tura,IN,25.5198,90.2201,67.96,36,0,0.76
512,Takoradi,GH,4.8845,-1.7554,78.58,86,50,5.08
513,Kamina,CD,-8.7386,24.9906,63.16,98,100,4.21
514,Matara,LK,5.9485,80.5353,76.71,82,78,4.52
515,Kinkala,CG,-4.3614,14.7644,68.56,96,99,2.46
516,Unity,CA,52.4501,-109.1682,11.25,90,19,4.97
517,Morant Bay,JM,17.8815,-76.4093,74.82,81,2,7.34
518,Beyneu,KZ,45.3167,55.2,12.58,53,7,18.43
519,Vila Franca Do Campo,PT,37.7167,-25.4333,61.21,91,100,13.85
520,Malatya,TR,38.5,38.0,21.25,93,40,0.0
521,Dawson Creek,CA,55.7666,-120.2362,10.04,92,0,3.44
522,Ayna,PE,-12.65,-73.9167,58.68,85,46,1.86
523,Kambove,CD,-10.8764,26.5969,60.91,99,100,2.53
524,Buluang,PH,13.3068,123.3425,78.35,70,98,7.9
525,Qui Nhon,VN,13.7667,109.2333,67.73,96,100,11.77
526,Tres Arroyos,AR,-38.3739,-60.2798,76.1,35,24,18.34
527,Selikhino,RU,50.3672,137.4996,-0.17,87,100,12.21
528,Mehamn,NO,71.0357,27.8492,13.95,73,19,18.41
529,Kovdor,RU,67.5662,30.4758,-12.41,100,100,3.29
530,Nanuque,BR,-17.8392,-40.3539,72.99,96,100,5.57
531,Ruidoso,US,33.3317,-105.673,37.51,35,16,6.91
532,Nongpoh,IN,25.9,91.8833,56.77,42,0,1.72
533,Progreso,MX,21.2833,-89.6667,74.1,79,0,17.4
534,El Chol,GT,14.9642,-90.4806,65.3,89,17,3.94
535,Katherine,AU,-14.4667,132.2667,91.72,52,40,14.97
536,Gejiu,CN,23.306,103.1635,48.88,52,0,3.38
537,Saint Anthony,US,45.0205,-93.218,7.75,81,0,0.0
538,Atikokan,CA,48.7555,-91.6216,18.03,90,92,7.96
539,Panorama,GR,40.5878,23.0315,45.37,79,0,1.99
540,Lubsko,PL,51.7847,14.972,41.95,91,100,10.18
541,Vega De Alatorre,MX,20.0333,-96.6333,72.54,82,0,9.75
542,Nha Trang,VN,12.25,109.1833,78.8,96,100,4.36
543,Sawtell,AU,-30.3833,153.1,78.82,61,41,14.97
544,La Romana,DO,18.4273,-68.9728,73.76,100,40,0.0
545,Wucheng,CN,29.6008,118.175,64.24,39,0,1.12
546,Arraial Do Cabo,BR,-22.9661,-42.0278,69.66,94,75,14.97
547,Forbach,FR,49.1833,6.9,48.27,93,100,13.8
548,Pauini,BR,-7.7136,-66.9764,70.74,97,95,2.04
549,Zabaykalsk,RU,49.6333,117.3167,8.2,81,6,20.07
550,Agirish,RU,61.9247,63.0231,-23.8,88,71,10.94
551,Bahraich,IN,27.5833,81.6,55.54,39,0,5.12
552,Pusad,IN,19.9,77.5833,68.31,23,0,6.06
553,Lavumisa,SZ,-27.31,31.892,60.46,87,0,3.11
554,Nortelandia,BR,-14.4547,-56.8028,71.13,92,100,3.74
555,Sabang,ID,5.8933,95.3214,80.08,69,71,2.24
556,Buenavista,PH,8.9769,125.4089,72.39,95,100,1.86
557,Abbeville,FR,50.1,1.8333,48.16,86,23,15.75
558,Bac Lieu,VN,9.285,105.7244,75.67,73,100,8.41
559,Pangkalanbuun,ID,-2.6833,111.6167,91.78,49,93,4.16
560,Barra Patuca,HN,15.8,-84.2833,75.24,86,35,7.99
561,Nichinan,JP,31.6,131.3667,51.48,43,0,0.74
562,Salalah,OM,17.0151,54.0924,71.69,73,20,5.75
563,Benghazi,LY,32.1167,20.0667,61.27,64,95,13.09
564,Bagdarin,RU,54.4333,113.6,5.7,68,3,3.15
565,Kieta,PG,-6.2167,155.6333,84.49,73,100,5.73
566,Samarai,PG,-10.6167,150.6667,84.85,65,91,1.48
567,Chivay,PE,-15.6383,-71.6011,47.91,83,100,1.66
568,Vao,NC,-22.6667,167.4833,80.6,84,100,35.7
569,Acajutla,SV,13.5928,-89.8275,77.61,67,14,5.99
570,Kasane,BW,-17.8167,25.15,64.85,94,100,9.37
571,Nalut,LY,30.3333,10.85,44.13,62,0,6.93
572,Tarauaca,BR,-8.1614,-70.7656,70.9,91,57,1.3
573,Dauphin,CA,51.1494,-100.0502,24.04,85,63,10.98
574,Vanderhoof,CA,54.0166,-124.0198,20.28,100,99,0.47
575,America Dourada,BR,-11.4553,-41.4361,66.04,90,97,3.94
576,Kenai,US,60.5544,-151.2583,8.15,95,24,7.05
577,Syntul,RU,55.0033,41.2971,1.11,95,100,8.52
578,Ola,RU,59.5833,151.2833,2.14,83,100,5.7
579,Jizan,SA,17.3333,42.6667,75.09,79,0,3.09
580,Balikpapan,ID,-1.2675,116.8289,77.99,89,20,4.61
581,Kushiro,JP,42.975,144.3747,28.22,61,54,2.62
582,Hit,IQ,33.6416,42.8251,46.71,90,2,8.93
583,Abatskoye,RU,56.2875,70.4555,-8.46,96,100,6.22
584,Moroto,UG,2.5345,34.6666,66.47,52,10,4.99
585,Santa Isabel Do Rio Negro,BR,-0.4139,-65.0192,71.35,99,92,1.57
586,Pachino,IT,36.7186,15.0907,54.45,74,1,4.68
587,Tikrit,IQ,34.6071,43.6782,52.2,77,95,2.93
588,Moses Lake,US,47.1301,-119.2781,36.88,100,100,8.05
589,Atbasar,KZ,51.8,68.3333,33.06,98,100,20.83
590,Mitsamiouli,KM,-11.3847,43.2844,80.89,83,20,2.3
591,Severo-Yeniseyskiy,RU,60.3725,93.0408,-2.74,98,100,2.26
592,Lae,PG,-6.7221,146.9847,87.01,65,100,9.22
593,Kayerkan,RU,69.3497,87.7602,-31.49,66,100,8.28
594,Raymond,US,43.9015,-70.4703,30.24,77,10,7.34
595,Williston,US,48.147,-103.618,20.14,91,17,4.74
596,Torremolinos,ES,36.6204,-4.4998,57.9,81,40,3.44
597,Ocean City,US,39.2776,-74.5746,42.82,72,47,3.0
598,Havoysund,NO,70.9963,24.6622,17.83,82,33,20.56
599,Chicama,PE,-7.8447,-79.1469,63.14,77,80,3.67
600,Bluffton,US,32.2371,-80.8604,49.95,87,0,0.0
601,Powell,US,40.1578,-83.0752,29.28,87,0,5.75
602,Laizhou,CN,37.1717,119.9214,48.96,50,2,6.51
603,Bathsheba,BB,13.2167,-59.5167,79.41,78,40,23.02
604,Port Blair,IN,11.6667,92.75,84.24,70,40,9.22
605,Ziway,ET,7.9333,38.7167,60.06,64,7,9.69
606,Port Jervis,US,41.3751,-74.6927,37.18,72,23,10.51
607,Honda,CO,5.2086,-74.7358,73.51,82,73,0.92
608,Fukuma,JP,33.7667,130.4667,56.28,42,0,7.34
609,Petropavlovka,RU,50.6114,105.3196,9.61,88,90,2.71
610,Kernersville,US,36.1199,-80.0736,38.98,71,0,0.0
611,Lamu,KE,-2.2717,40.902,80.82,84,60,7.9
612,Svetlogorsk,BY,52.6333,29.7333,13.35,71,35,8.88
613,Trairi,BR,-3.2778,-39.2689,79.02,77,24,9.22
614,Sambava,MG,-14.2667,50.1667,76.91,86,20,6.38
615,Wawa,NG,9.9022,4.4192,70.38,27,8,5.37
616,Bemidji,US,47.4736,-94.8803,19.17,93,0,5.75
617,Sakaraha,MG,-22.9,44.5333,73.81,81,80,3.87
618,Kaputa,ZM,-8.4689,29.6619,65.7,91,100,2.06
619,Otavalo,EC,0.2333,-78.2667,53.82,95,73,2.28
620,Sao Jose Da Coroa Grande,BR,-8.8978,-35.1478,76.96,77,26,6.8
621,Petropavlovsk-Kamchatskiy,RU,53.0452,158.6483,18.19,45,0,8.95
622,Mtwara,TZ,-10.2667,40.1833,80.44,78,97,4.45
623,Lac Du Bonnet,CA,50.2536,-96.0612,19.31,90,19,8.63
624,Abu Kamal,SY,34.4506,40.9171,48.07,70,45,4.79
625,Haines Junction,CA,60.7522,-137.5108,19.9,97,100,0.45
626,Melioratorov,RU,57.2107,65.6077,-23.42,76,0,13.42
627,Cap Malheureux,MU,-19.9842,57.6142,79.47,72,6,8.01
628,Katobu,ID,-4.9408,122.5276,86.36,61,93,6.8
629,Touho,NC,-20.7833,165.2333,81.18,87,100,28.61
630,Frankfort,ZA,-27.2667,28.4833,53.35,85,69,5.08
631,Klaksvik,FO,62.2266,-6.589,43.72,87,79,22.86
632,Vanimo,PG,-2.6741,141.3028,83.44,79,98,5.3
633,Marawi,PH,7.9986,124.2928,68.07,92,100,4.05
634,Kahului,US,20.8947,-156.47,75.22,72,0,5.75
635,Hualmay,PE,-11.0964,-77.6139,69.13,82,65,6.02
636,Yenagoa,NG,4.9247,6.2642,74.95,95,70,3.13
637,Santa Cruz De Tenerife,ES,28.4682,-16.2546,62.71,87,0,5.75
638,Polyarnyy,RU,69.1989,33.4478,3.06,99,64,10.38
639,Niamey,NE,13.5137,2.1098,68.23,21,0,9.42
640,Puerto Escondido,MX,15.85,-97.0667,75.29,68,0,5.57
641,Menongue,AO,-14.6585,17.691,63.99,63,96,2.53
642,Boende,CD,-0.2167,20.8667,70.38,94,93,1.14
643,Shenkursk,RU,62.1091,42.896,-30.75,100,8,2.13
644,La Brea,HN,15.8,-85.9667,70.03,95,25,2.42
645,Murdochville,CA,48.9583,-65.5006,7.72,88,79,12.37
646,Chifeng,CN,42.2683,118.9636,35.67,35,0,11.45
647,Camacha,PT,33.0833,-16.3333,62.02,77,40,9.22
648,Waitara,NZ,-38.925,174.25,69.22,81,78,21.27
649,Tabou,CI,4.423,-7.3528,77.11,88,42,6.69
650,Huangmei,CN,30.1924,116.025,63.57,41,0,5.99
651,Tigre,AR,-34.426,-58.5796,79.21,61,0,10.36
652,Lucapa,AO,-8.4192,20.7447,63.97,96,100,3.38
653,Mayskiy,RU,47.6931,40.1025,-2.79,71,2,6.29
654,Christchurch,NZ,-43.5333,172.6333,68.41,54,0,16.11
655,Sechura,PE,-5.5569,-80.8222,68.04,82,97,9.24
656,Dzhebariki-Khaya,RU,62.2167,135.8,-43.6,99,49,0.54
657,Poum,NC,-20.2333,164.0167,80.92,89,99,27.67
658,Mao,ES,39.8885,4.2658,59.56,88,75,16.11
659,Vung Tau,VN,10.346,107.0843,78.44,72,99,0.94
660,Abha,SA,18.2164,42.5053,46.65,76,0,5.75
661,Jablunka,CZ,49.3835,17.9502,41.7,94,82,4.23
662,Kendari,ID,-3.945,122.4989,88.52,57,100,3.56
663,Teguise,ES,29.0605,-13.564,57.42,77,0,8.05
664,Praia Da Vitoria,PT,38.7333,-27.0667,60.76,96,97,14.7
665,Kloulklubed,PW,7.0419,134.2556,82.83,76,100,13.76
666,Anaconda,US,46.1285,-112.9423,23.14,90,100,6.04
667,Banda Aceh,ID,5.5577,95.3222,81.52,71,41,5.53
668,Outram,MY,1.2829,103.8379,92.08,59,75,8.05
669,Mochudi,BW,-24.4167,26.15,65.59,79,20,9.93
670,Mount Isa,AU,-20.7333,139.5,91.17,49,75,13.8
671,Hay River,CA,60.8156,-115.7999,-5.75,100,31,2.89
672,Chapais,CA,49.7834,-74.8492,4.78,97,92,4.5
673,Jining,CN,35.405,116.5814,59.14,38,1,5.61
674,Saint-Georges,GD,12.0564,-61.7485,76.6,84,99,15.73
675,Padang,ID,-0.9492,100.3543,82.45,66,79,5.95
676,Puerto Vallarta,MX,20.6204,-105.2307,71.91,85,0,0.0
677,Kununurra,AU,-15.7667,128.7333,96.78,41,40,8.05
678,Eenhana,NA,-17.4667,16.3333,75.83,26,100,5.06
679,Alice Springs,AU,-23.7,133.8833,88.21,40,75,3.44
680,Merauke,ID,-8.4667,140.3333,84.4,72,100,6.69
681,Agadez,NE,19.75,10.25,55.62,37,0,10.31
682,Diamantino,BR,-14.4086,-56.4461,69.89,97,100,4.12
683,Port Hueneme,US,34.1478,-119.1951,56.26,88,100,5.75
684,Solnechnyy,RU,50.7214,136.6319,-1.25,95,94,4.14
685,Rio Cuarto,AR,-33.1307,-64.3499,78.57,38,0,13.8
686,Divnomorskoye,RU,44.5011,38.1353,25.09,57,46,10.07
687,Innisfail,AU,-17.5333,146.0333,80.83,82,100,1.92
